manufacturer_keywords,product_keywords,Unique Identifier 
 art biotech,art ,1365
1drop ,1copy  qpcr multi ,971
1drop a203 keumkang penterium it tower 215 galmachiro jungwongu seongnamsi gyeonggido 13217 republic of korea,1copy  qpcr 4plex ,1026
1drop luminarie canada ,1copy  qpcr ,1
3b black bio biotech india  bhopal india,trupcr qpcr  32 single tube multiplex format,1248
3b blackbio biotech india  kilpest india  company,trupcr ,727
3d biomedicine science  technology ,3dmed 2019 qpcr,16
3d biomedicine science  technology co,andis and influenza ab  qpcr detection  and automated nucleic acids extraction system,958
3d biomedicine science  technology co,andis viral rna auto extraction and purification ,959
ab diagnopath manufacturing pvt ,innodetecttm cl  iso ,1249
ab diagnopath mfg pvt  delhi india,innodetect  ,1250
abbott diagnostics korea lnc65 borahagalro giheunggu yonginsi gyenoggido 17099 republic of korea,panbiotm ag rapid device nasopharyngeal,1040
"abbott diagnostics korea, abbott diagnostics korea","panbio ag rapid device, panbio ag rapid device nasal",835
abbott diagnostics scarborough ,binaxnow  ag 2 card,"71,1150,70"
abbott diagnostics scarborough ,binaxnow  ag card,72
abbott diagnostics scarborough ,binaxnow  ag card 2 home ,73
abbott diagnostics scarborough ,binaxnow  ag card home ,74
abbott diagnostics scarborough ,binaxnow  antigen self ,75
abbott diagnostics scarborough ,id now ,330
abbott diagnostics scarborough ,id now  and accessories,951
abbott diagnostics scarborough ,navica mobile app and binaxnow  ag card,430
abbott ireland diagnostics division finisklin business park sligo ireland,alinityi igg ,768
abbott ireland diagnostics division finisklin business park sligo ireland,alinityi igg ii quant ,767
abbott ireland diagnostics division finisklin business park sligo ireland,alinityi igm ,769
abbott ireland diagnostics division finisklin business park sligo ireland,architect igg ,771
abbott ireland diagnostics division finisklin business park sligo ireland,architect igg ii quant ,770
abbott ireland diagnostics division finisklin business park sligo ireland,architect igm ,772
"abbott laboratories, abbott laboratories, abbott rapid diagnostics division chicago alere medical pvt","panbio antigen self, panbio ag rapid device nasal, panbio antigen rapid device home nasal",488
"abbott laboratories, abbott rapid diagnostics division chicago","panbio ag rapid device nasopharyngeal, panbio antigen rapid nasopharyngeal",486
abbott molecular,abbott realtime ,"17,18"
abbott molecular,alinity   amp ,"32,33"
abbott molecular,alinity   amp  ,947
abbott molecular ,abbott realtime  assay    ,916
abbott molecular ,alinity resp 4 plex,975
abbott rapid diagnostics jena gmbh,panbio ag rapid device nasal,484
abbott rapid diagnostics jena gmbh orlaweg 1 07743 jena germany,panbio  iggigm rapid device fingerstickwhole bloodvenouswholebloodserumplasmaico t402,763
"abbott rapid diagnostics jena gmbh, abbott rapid diagnosticsjena gmbh orlaweg 1 07743 jena germany","panbio ag rapid device nasopharyngeal, panbio agrapid device nasopharyngeal",485
abi applied biosystems usa,taqman 2019 control  v1,1251
abon biopharm hangzhou ,panbio iggigm rapid  device fingerstick whole bloodvenous whole bloodserumplasma,843
abwiz bio,rabwiz ultra sensitive coiv 19 viral antigen elisa,544
accelerate technologies   dxd hub,resolute 20 detection ,580
accelerate technologies  dxd hub singapore,astar fortitude  20,1252
access bio ,atomo  antigen ,62
access bio ,carestart  antigen,108
access bio ,carestart  antigen home ,109
accubiotech ,accu tell iggigm cassettewholebloodserumplasma,905
accurex biomedical pvt  palghar maharashtra,accurex assay,1253
accurex biomedical pvt  palghar maharashtra,novel coronavirus 2019 nucleic acid detection  fluorescence method,1254
achira labs pvt ,genepath dx coviquick v20,1256
achira labs pvt ,genepath dx covispeedy,1255
achira labs pvt  bengaluru karnataka,gene path dx covi delta qpcr  me 2,1257
acon biotech hangzhou ,  antigen fia,610
acon biotech hangzhou ,flowflex antigen rapid ,282
acon biotech hangzhou ,promotor   ,805
acon biotech hangzhou no210 zhenzhong road west lake district hangzhou pr china,acon iggigm rapid ,1094
acon laboratories ,acon iggigmrapid ,21
acon laboratories  5850 oberlin drive 340 san diego ca 92121 usa,flowflex antigen rapid ,1038
acrannolife genomics pvt ,coviqwik lamp ,1258
acro biotech , antigen rapid  oral fluid,175
acro biotech , rapid antigen  family acro,210
acro biotech ,acro  antigen rapid  nasopharyngeal swab,836
acro biotech ,acro 2019 iggigm rapid  cassette whole bloodserumplasma,838
acro biotech ,juschek  and influenza ab antigen combo rapid  cassette,860
acro biotech ,juschek  antigen rapid  nasopharyngeal swab,828
acro biotech ,juschek 2019 novel coronavirus iggigm rapid  cassette,855
acumen research laboratories   singapore ,acucorona 20 bio rad cfx96 touch real time detection system,945
adaltis srl italy pug capital private limited,molgen realtime ,1259
adt biotech sdn bhd adt india private limited,lytestar 2019  20,1260
adt india  new delhi india,lytestar 2019  10,1261
adtec corporationlsi medicine corporation,prorast ag adtest  ,513
advagen biotech  brazil,  ag lf,602
advaite,rap rapid ,547
advanced biological laboratories abl sa,ultra gene combo2screen  cov2 assay,940
advanced molecular diagnostics amd uk diagnostic biosystems,zena max direct qpcr detection ,1262
advena limited,genedrive 96 ,949
advy chemical pvt ,ezdx  rapid ag ,276
advy chemical pvt  thane maharashtra india,ezdx  rapid ag ,1226
advy chemicals pvt ,ezdxtm  iggigm rapid antibody ,1180
aehealth limited,aehealth 19 antigen quantitative  immunofluorescence assay,834
aehealth limited,aehealth 19 neutralization antibody quantitative fluorescence immunochromatographic assay,842
aehealth limited,id lab 19 neutralization antibody quantitative fia,847
aesku diagnostics gmbh  kg mikroforum ring 2 d55234 wendelsheim germany,aeskulisa  np iggkitcodes 6122,766
affigenix biosolutions pvt ,holborn wells detect multiplex ivd qpcr  ,1263
affigenix biosolutions pvt ,rt qpcr  ,1264
affigenixbiosolutions pvt  bangalore india,affigenix act 1 3 genes multiplex ,1265
affigenixbiosolutionspvt  bangalore,affigenix  act ,1266
agappe diagnostic pvt kerala,ag  nantigen rapid diagnostickit,1119
agappe diagnostics,ag  antigen rapid diagnostic ,31
agappe diagnostics  kerala,direct  lamp  ,1267
agappe diagnostics  kerala india,agappe real time  lamp  ing ,1268
agena bioscience ,massarray  panel,"407,408,409"
agilent technologies ,agilent qrt dx ,999
ait biotech  ,abtes  qpcr ,935
aitbiotech   singapore hiddenite beverages private limited,abtes  qpcr  v11,1269
aitbiotech   singapore hiddenite beverages private limited,abtestm  qpcr ,1270
aivd biotech ,  antigen detection rapid lateral flow  colloidal gold based,607
aivd biotech ,  antigen detection rapid lateral flow  latex bead based lateral flow,608
ajay biotech india ,pathofind  realtime ,1271
alamar tecno cientifica a,antigen quick ,43
alchem diagnostics coimbatore, one step multiplex ,1272
alcotech  ,fastep  antigen rapid  device nasopharyngeal oropharyngeal swab,279
alfa scientific designs ,instant view plus  antigen ,353
alfresa pharma corporation,arsonic  ag,54
alpine biomedicals ambalaharyana india ,one step corona virus igmigg antibody  ,1163
alpine biomedicals pvt  ambala haryana india,alpine  antigen rapid  ,"37,1223"
alpine biomedicals pvt  ambala haryana india,alpine anti igg elisa ,1204
altona diagnostics germany,realstar  10,1273
altona diagnostics gmbh,realstar us,570
ameda labordiagnostik gmbh,amp rapid  ag,39
amedica sa,amela  antigen ,38
ammagen tamil nadu,ammagen ,1274
amonmed biotechnology ,influenza virusinfluenza virus rare earth nano fluorescence immunochromatography,222
amoy diagnostics,amoydx novel coronavirus 2019 detection ,977
amt   singapore,resolute 20,579
angstrom biotech pvt ,antigen  ,44
angstrom biotech pvt  alwar rajasthan india,angcard  rapid antigen  ,1220
angstrom biotech pvt  rajasthan,angpcr 2019 ncov,1275
angstrom biotechpvt ,angcardhome  ,1112
anhui deepblue medical technology , antigen colloidal gold  saliva,148
anhui deepblue medical technology , antigen colloidal gold  saliva self ,149
anhui deepblue medical technology , antigen colloidal gold nasal swab self ,147
anhui deepblue medical technology , antigen colloidal gold np,146
anhui formaster biosci ,fm new coronavirus  antigen rapid ,829
anomalous materials  ,severe acute respiratory syndrome coronavirus 2 antigen detection  colloidal gold based,660
anp technologies ,nids  antigen rapid  ,439
apollo biomedical ,new type coronavirus  influenza virus  influenza virus detection ,437
apollo biomedical ,novel coronavirus antigen detection  nasal swabsputum sample,460
apollo biomedical ,novel coronavirus antigen detection nasal swab,458
apollo biomedical ,novel coronavirus antigen detection sputum sample,459
applied biocode ,biocode assay,84
applied dna sciences,linea  real time assay  assay ,"380,381,382"
arcdia international ,maripoc  ,405
arista biotech,arista  antigen rapid ,52
arista biotech   singapore,arista  antigenrapid ,53
arkray factory ,identity pack  ,331
arkray industry lot 22 phase 1a first philippine industrial park brgy sta anastacia sto tomas batangas,  detection primer probe set reagent densy pack universal detection system,1011
arkray industry lot 22 phase 1a first philippine industrial park brgy sta anastacia sto tomas batangas,i densy pack universal reagent densy pack universal detection system,1010
artron bioresearch artron laboratories ,artron  antigen  ,56
artron laboratories ,star diagnostic plus  iggigm cassette  whole bloodserumplasma,839
artron laboratories  canada,artron  antigen ,55
asan pharmaceutical ,asan easy ag,57
aspen laboratories pvt  hyderabad telangana india,aspen igg elisa ,1197
aspen laboratories pvt  new delhi deep meditech pvt ,aspen nucelic acid detection fluorescent probe method,1276
assure tech hangzhou ,assure  iggigm rapid  device,58
assure tech hangzhou ,assure  iggigm rapid  device rebranded as ecotest  iggigm rapid  device,59
assure tech hangzhou ,assure  iggigm rapid  device rebranded as fastep  iggigm rapid  device,60
assure tech hangzhou ,ecotest iggigm rapid  device whole bloodserumplasma,791
assure tech hangzhou  china, antigen rapid  device,184
assure tech hangzhou  china,ecotest  antigen nasal  ,253
assure tech hangzhou  china,ecotest  antigen saliva  ,254
assure tech hangzou ,ecotest  neutralizing antibody fia whole bloodserumplasma,850
athenese dx,trustline  ag rapid ,728
athenesedx private limited chennai,trustline  agrapid ,1120
athenesedx private limited chennai tamilnadu india,trustline  ab rapid ,1174
athenesedx private limited tamil nadu,aridia  real time detection ,1277
atila biosystems ,iamp  detection ,328
atila biosystmes  ,iamp  detection ,925
atlaslink beijing technology ,nova  antigen rapid colloidal gold immunochromatography,443
atlaslink beijing technology  china,nova  iggigm antibody  colloidal gold,444
atomo diagnostics limited,atomorapid igmigg antibody ,63
augurix sa,simtomax coronacheck antigen,673
aura biotechnologies private limited chennai, 19 auras coronavirus  real time detection ,1278
avacta life sciences ,affidx lateral flow antigen ,27
aviencebiomedicals pvt  delhi,avien covi quick  hid rtqpcr assay,1279
aviencebiomedicals pvt  delhi,avienbio  assay,1280
axisshield diagnostics  scotland,panbio igg elisa,1213
axiva sichem biotech sonipat,one step  ,1281
bag diagnostics germany shiva scientific company new delhi,viroq e gene  rdrp,1282
bbb ,mark  antigen ,406
bbb  distributed celltrion usa ,sampinute  antigen mia,594
beckman coulter  ireland,beckman coulter immunoglobulin igg antibody ivd  chemi  luminescent immunoassay,910
beckman coulter 250 kraemer boulevard brea ca 92821 usa,access igg,"1084,1085"
beckman coulter 250 kraemer boulevard brea ca 92821 usa,access igm,"1083,1086"
becton dickinson  company bd,bd veritor at home  ,67
becton dickinson  company bd,bd veritor system rapid detection  flu ab,69
becton dickinsoncompany,bd  rapid detection  ,65
becton dickinsoncompany,bd reagents,66
becton dickinsoncompany,bd veritor system rapid detection  ,68
becton dickinsoncompany  7 loveton circle sparks maryland 21152 usa,bd  flu bd max syste,1073
beijing abace biology , viral antigen colloidal gold immunochromatography,218
beijing abace biology , viral antigen elisa,219
beijing applied biological technologies ,multiple real time  detection 2019 ncov,1151
beijing applied biological technologies  xabt,multiple real time  detection 2019 ncov,422
beijing applied biological technologies room a204 no 29 shengmingyuan road science park changping district 102206 beijing china,multiple real time  detection 2019 ncov,1066
beijing core technology , ag ,160
beijing core technology , saliva ag ,215
beijing diagreat biotechnologies ,2019 antigen rapid colloidal gold assay,9
beijing hotgen biotech co9 building no9 tianfu street daxing district beijing 102600 pr china,novel coronavirus 2019 antigen  colloidal gold,1101
beijing jinwofu bioengineering technology co,novel coronavirus antigen rapid  ,455
beijing kewei clinical diagnostic reagent ,kewei  antigen rapid colloidal gold,371
beijing kewei clinical diagnostic reagent ,kewei  antigen rapid fluorescence,372
beijing lepu medical technology ,2019 antigen rapid colloidal gold immunochromatography,10
beijing lepu medical technology ,reiged diagnostics nucleic acid fluorescence probe method,814
beijing nagene diagnosis reagent ,multiple real time  detection 2019 ncov,1152
beijing north institute of biotecnology co,bnibt  antigen repid ,837
beijing savant biotechnology ,new coronavirus n protein detection  fluorescence immunochromatography,436
beijing tigsun diagnostics ,tigsun  antigen rapid  fia,719
beijing tigsun diagnostics ,tigsun  antigen saliva rapid ,720
beijing tigsun diagnostics ,tigsun flu ab  ag combo ,721
beijing tigsun diagnostics ,tigsun flu ab rsv  ag combo ,722
beijing wantai biological pharmacy enterprise ,wantai ,753
beijing wantai biological pharmacy enterprise ,wantai ag elisa,749
beijing wantai biological pharmacy enterprise ,wantai antigen rapid  colloidal gold,"751,1153"
beijing wantai biological pharmacy enterprise ,wantai antigen rapid  fia,752
beijing wantai biological pharmacy enterprise  china,wantai ab rapid  ,"747,748"
beijing wantai biologicalpharmacy enterprise  china,wantai ag rapid  colloidal gold,750
beijing zhangjian antai diagnostic technology china aura medical devices pvt ,corona virus  rapid ,1175
bgi biotechnology wuhan building b2 b1 zone bcd wuhan national bio industry base no666 gaoxin avenue east lake hightech development zone wuhan hubei 430075 china,real time fluorescent  detecting 2019 ncov,1056
bgi europe as,real time fluorescent detecting 2019 ncov,567
bgi europe as distributed bgi health au company pty ,real time fluorescent detecting  2 gene,569
bgi genomics ,real time fluorescent detecting 2019 ncov,568
bgi health hk  shenzhen huada gene technology ,new coronavirus 2019 antigentesting  fluorescent immunoanalysis,435
bhat biotech india pvt ,geneasy  ,1283
billiontoone ,qsanger  assay,516
bio lab diagnostics pvt ,rapid  ag ,549
biocan diagnostics ,tell me fast 19 antigen ,715
biocan diagnostics ,tell me fast novel coronavirus  iggigm antibodytest,716
biocore ,biocore 2019 real time ,"85,86"
bioeksen rd technologies ,bio speedy direct qpcr  ,"77,78"
bioeksen rd technologies  distributed bioexsen gmbh,bio speedy direct qpcr  rebranded bioexsen pcr,80
bioer technology ,  nucleic acid detection fluorescence pcr,933
biofire defense ,biofire  ,"919,92,93"
biofire diagnostic  515 colorow drive salt lake city utah 84108 usa,biofire respiratory panel 21 rp21,1046
biofire diagnostics ,biofire respiratory panel 21 rp21,91
biofire diagnostics  ,biofire respiratory panel,920
biofootprints healthcare pvt ,mytest  ag ,"423,1121"
biogenex hyderabad, triplex direct detection ,1284
biogenix  pvt  lucknow,biogenix  one step pcr,1285
biogenomics limited thane india,bio  id qualitative detection  version 2,1286
biogenomics limited thane india,bio id ern corona virus single tube multiplex detection ,1287
biogx,biogx hmp n1 n2  rnase multiplex,964
biogx ,biogx xfree  direct pcr,94
biogx al usa,xfreetm  direct pcrextraction free multi platform detection  pre extracted rna,992
biohit healthcare hefei ,  antigen assay  colloidal gold method,606
biohit healthcare hefei ,  antigen rapid fluorescence immunochromatography,621
biohit healthcare hefei ,  igmiggantibody  ,632
biohit healthcare hefei ,hough  home ,323
biohit healthcare hefei  china,  antigen rapid  colloidal gold method,614
biohit healthcare hefei building d9 innovation park no800 west wangjiang road hightech zones hefei anhui prove pr china,biohit igm igg antibody  ,1039
biolab diagnostics india pvt  mumbai maharashtra india,rapid  ag ,1122
biolidics ,clearepi antigen rapid ,125
biolytical laboratories  canada,insti  antibody ,356
biomedomics ceivd china,biomedomics  igm iggrapid  ,1186
biomeme ,biomeme  s,995
biomeme ,biomeme go  strips,95
biomeme ,biomeme real  time pcr,96
biomerieux sa 376 chemin de orme 69280 marcy etoile francebiomerieux sa 138 rue louis pasteur parc technologique delta sud 09340 verniolle france,argene  genereal timeamplification anddetection ,774
biomerieux sa376 chemin de iorme 69280 marcy ietoile francebiomerieux sa 138 rue louis pasteur parc technologique delta sud 09340 verniollefrance,argene  respir gene real time detectionkitcode 423732,773
biomerieux sa376 chemin de lorme 69280 marcy letoilefrance,vidas  igg 9cogcode423834,785
biomerieux sa376 chemin de lorme 69280 marcy letoilefrance,vidas  igm 9com,786
biomrieux sa,  gene,639
biomrieux sa,argene r  gene,49
bioneer corporation south korea effibar india private limited,accupower real time ,1288
bioneer corporation south korea wevio global private limited,accupower multiplex real time ,1289
bioneer corporation south korea wevio global private limited,accupower real time ,1290
bioneer corporation811 munpyeongseoro daedeokgu daejeon 34302 republic of korea,accupower multiplexreal time size 100 scode scvm 2112,764
bionote,nowcheck  igg igm,900
bionote ,nowcheck  ag ,462
bionote ,nowcheck  antigen ,463
bionote 22 samsung 1ro4gil hwaseongsi gyeonggido 18449 republic of korea,nowcheck  antigen ,1051
biorad 3 boulevard raymond poare 92430 marneslaconquette france,platelia total abassay,782
biorad laboratories ,2019 cdc ddpcr triplex probe assay,948
biorad laboratories ,bio rad ddpcr ,76
biorad laboratories ,bio rad reliance assay ,989
biorad laboratories  4000 alfred nobel drive 94547 hercules california usa,reliance flu flu ,1034
biosci healthcare bhopal madhya pradesh india,biosci true detect  ag rapid  ,1246
biosci healthcare madhya pradesh,biosci true detect  real time ,1291
bioscience tianjin diagnostic technology ,bioscience tianjin novel coronavirus 2019 antigen rapid ,97
biosewoom,real 2019 detection ,566
biospeedia sas,19speed antigen,226
biosynex swiss sa,biosynex  ag,100
biosynex swiss sa,biosynex  ag bss,99
biosystems diagnostics private limited,concepta qpcr ,1292
biosystems diagnostics private limited,coviplus qpcr ,1293
biosystems diagnostics pvt ,concepta  multiplex ,1294
bioteke corporation wuxi ,bioteke antigen colloidal gold method,802
bioteke corporation wuxl 4th floor d52nd floor d3  1st2nd floor d16 no1719 huishan avenue wuxi jiangsu china,  nucleic acid ivd  nucleic acid technique nat,1024
biotical health,biotical ag card ,101
biotns, pna ,213
biozek medical,biozek  antigen rapid ,104
biozentech ,bz  ag ,106
blue cross biomedical beijing , antigen ,187
bmt diagnostics rafael diagnosticisrael ,bmt  iggigm rapidtest  ,1166
boditech med ,afias  viral antigen automated,30
boditech med ,ichroma  viral antigen manual,329
boditech med orporated 43 geodudanji 1gil dongnaemyeon  chuncheonsi gangwondo 24398 republic of korea,ichroma  ag,1052
boditech med orporated 43 geodudanji 1gil dongnaemyeon  chuncheonsi gangwondo 24398 republic of korea,ichroma  ag ,1049
boditech med orporated43 geodudanji 1gil dongnaemyeon  chuncheonsi gangwondo 24398 republic of korea,ichroma  ab,1081
bogar bio bee stores pvt ,bio bee 19 detection ,1295
btnx ,rapid response  antigen rapid  device,552
btnx ,rapid response antigen rapid  device,"554,555,556,557"
btnx ,surescreen diagnostics 19 antigen rapid  cassette,700
btnx  canada, iggigm rapid ,198
btnx  canada,rapid response  iggigm rapid  device,553
cadila healthcare,cadila  antigen rapid ,107
calbiotech  usa,erbalisa  igg elisa,1214
calth ,allcheck 19 ag,34
camtech diagnostics  , viral antigen  ,217
cancer rop  anjanajyoti systems private limited,q sens 2019 detection ,1296
canon medical sciences corporation, coronavirus antigen  rapiim n prt c2n01a,596
canon medical systems corporation, coronavirus antigen  rapiim n prt  c2n01a,595
capebio technologies pty ,capebio qpcr multiplex  1000 reactions,991
capebio technologies pty ,capebio qpcr singleplex  1000 reactions,990
celer biotecnologia,celer  ag ,111
cellex ,cellex  antigen rapid ,114
cellex  united states of america,q  iggigm rapid ,"517,518,519"
cellspect co,quampas  antigen  ,520
celltrion,celltrion diatrust  ag rapid ,116
cepheid,xpert xpress  ,"759,922"
cepheid 904 caribbean drive sunnyvale ca 94089 usacepheid ab rontgenvagen 5 se171 54 solna sweden,xpert xpress  real time xpr cov2 10,789
cepheid hq ,xpert xpress  flursv,966
cepheid united states,xpert xpress  ,1297
cepheid united states cepheid india private limited,xpert xpress  ,1298
certest biotec sl,certest  ,118
certest biotec sl  abacus dx,viasure realtime detection ,736
certest biotec sl  becton dickensen,viasure s genereal time detection ,737
chaozhou hybribio biochemistry , real time ,211
chaozhou hybribio biochemistry d5334 high new area economic development experimental zone 521000 chaozhou guangdong china, real time ,1095
chembio diagnostic system ,ol  ag,467
chembio diagnostic system oswaldo cruz foundation,dpp antigen system,246
chembio diagnostic systems ,chembio dpp antigen ,1007
chembio diagnostic systems ,chembio dpp igmigg rapid lateral flow assay,913
chemgenes corporation usa chemgenes india pvt ,chemgenes iq 4 multiplex ,1299
chromacode ,hdpcr assay,318
clear labs ,clear dx ,124
clinomics usa ,clinomics triodx  ,127
codiagnostics ,logix smart coronavirus disease 2019  ki,932
codiagnostics ,logix smart coronavirusdisease 2019  ,383
confirm biosciences,verasure  antigen rapid swab ,732
core technology  ,istoc  iggigm rapid  cassette,897
coris bioconcept, ag respi strip,157
cosara diagnosticspvt limited ahmedabad india,saragene  v2 real time  ,1300
cosara diagnosticspvt limited ahmedabad india,saragenetm corona virus 2019 ncv  ,1301
coyote bioscience  china,directdetect  detection ,245
creative biolabs,  2019 nucleoprotein protein elisa ,597
ctk biotech ,answer  ag rapid ,830
ctk biotech ,answer  iggigm rapid ,856
ctk biotech ,aria  ag rapid ,825
ctk biotech ,onsite  ag point care aria  ag rapid ,473
ctk biotech ,onsite  ag rapid ,"471,790"
ctk biotech ,onsite  iggigm rapid ,851
ctk biotech  united states of america,aridia  real time ,50
ctk biotech  usa,onsite  iggigm rapid  aria  iggigm rapid ,472
ctk biotech 13855 stowe dr poway california usa,aria  iggigm rapid ,1104
cue health ,cue  ,233
da an gene  of sun yatsen university,detection  2019 novel coronavirus 2019 rna  fluorescence probing,"235,236,237"
daan gene  china,daan gene co ltd,1302
daan gene  of sunyatsen university guangzhou hitech industry development zone no 19 xiang shan rd guangzhou china,detection  2019 fluorescence,1109
delphi bioscience asia  ,pocroc antigen rapid  ,505
denka ,quicknavi 19 ag,537
denka ,quicknavi flu19 ag,538
denka seiken ,quicknavi  flu19 ag,536
detect ,detect  ,234
detectachem ,mobiledetect bio bcc19  ,420
dia sure immuno diagnostics llpdelhi india,dsi  ag rapid  ,1123
dia sure immunodiagnostic llp,dsi ag rapid ,248
diabetomics ,covab ab ,141
diacarta ,quantivirus  ,"524,525,526"
diacarta ,quantivirus mulitplex  ,"521,522,523"
diagnocure india,xamin  ag rapid  human nasal swab,758
diagnocure india solan hp,xamin  ag rapid  device,1124
diagnocure solan hp india,xamin  rapid device ,"1168,1183"
diagnostic enterprises parwanoo himachal pradesh india, antigen  card,189
dialab gmbh,diaquick  ag ,244
diapro diagnostic bioprobes srl,sara instrument,821
diapro diagnostic bioprobes srl italy, igg elisa,1200
diapro diagnostic bioprobes srlvia carducci 27  sesto san giovanni mi  italy, igg,1075
diapro diagnostic bioprobes srlvia carducci 27  sesto san giovanni mi  italy, igm,1076
diasolex solutions llp karnataka india,dx  ,1303
diasorin,liaison ag,379
diasorin molecular,simplexa  direct,672
diasorin spa,liaison ag,378
diasorin spa via crescentino snc 13040 saluggia vc italy,liaison  igm ,779
diasorin spa via crescentino snc 13040 saluggia vc italy,liaison  s1s2 igg ,780
dna diagnostic, antigen detection ,164
dna technology research  production  russia 365 medical india, multiplex rteal time detection ,1304
dna xpertpvt  noida india,xperto 19 fast ,1305
dna xpertpvt  noida india,xperts o19 multiplex ,1306
dxgen corp,epithod  ag  ,261
dxgen corp,epithod qag  ,262
dynamiker biotechnology tianjin ,dynamiker ag rapid ,249
dynamiker biotechnology tianjin  no 14 building ecobusiness park 2018 zhongtian avenue sinosingapore tianjin eco city 300467 tianjin china,2019 iggigm rapid ,1100
e25bio, dart,195
eco diagnostica,flu ab ag combo eco e,225
edge pharma pvt  mumbai maharashtra india,edge xpress  ag  ,1247
edge pharma pvt  mumbai maharashtra india,edgexpress  ab detection iggigm,1179
edinburgh genetics limited,edinburgh genetics activxpress  antigen complete ing ,255
edinburgh genetics uk biopanda reagents uk,edinburgh genetics  colloidal gold immunoassay ing  igg  igm combined,1172
eiken chemical ,loopamp new coronavirus 2019 detection reagent ,385
elitechgroup spa,  elite mgb  ,981
elitechgroup spacorso svizzera 185 torino10149 italy,  elite mgb ,1019
ellume ,ellume  home ,258
emmo pharma,encode  rapid ,259
empowered diagnostics  united states of america,covclear  antigen ,142
enzo life sciences ,ampiprobe  assay ,41
equine biotech karnataka ebt pvt ,global  ,1307
erba mannheim group  transasia biomedical,erbaqik  ag rapid ,264
euroimmun ag,  antigen elisa,609
euroimmun medizinische labordiagnostika ag germany,eurorealtime  ,267
euroimmun medizinische labordiagnostika ag germany,eurorealtime 3,268
euroimmun medizinische labordiagnostika ag germany,eurorealtime 4,269
euroimmun medizinische labordiagnostika ag germany,eurorealtime 5,270
euroimmun medizinische labordiagnostika ag germany,eurorealtime 6,271
euroimmun medizinische labordiagnostika ag germany,eurorealtime 7,272
euroimmun uk cpc diagnostics pvt ,euro real time  ,1308
euroimmun us  usa,euroimmun anti  igg elisa,1189
excalibur health services,excalibur rapid antigen  card,273
fast track diagnostics luxembourg srl,fast track diagnostics ,957
fast track diagnostics luxembourg srl  29 rue henri koch l4354 eschsuralzette luxembourg,ftd  ,1016
fast track diagnostics luxembourg srl siemens healthineers company,ftd  ,"289,290"
fast track diagnostics luxembourg srl siemens healthineers company,ftd 3,291
floor 1 to floor 5 building 30 no6 of taikang road block of jianqiao industrial park dadukou district 400082 chongqing peoples republic of china,molaccu  detection ,1020
fluidigm corporation,advanta dx  assay,25
foracare suisse ag, antigen rapid ,171
fortress diagnostics ,coronavirus antigen rapid ,139
fujifilm corporation,acura seed antigen,23
fujifilm corporation,fuji dry chem immuno ag handy  ag,293
fujifilm corporation,fujifilm  ag ,294
fujifilm wako pure chemical corporation,accuraseed  ag,20
fujifilm wako pure chemical corporation,taswako  ,761
fujirebio ,espline  ,265
fujirebio ,espline  flu ab,266
fujirebio ,lumipulse   ag,388
fujirebio ,lumipulse ag,390
fujirebio ,lumipulse presto ag,389
ga generic assays gmbh,ga cov2 igg elisa,"1210,1211"
gadia diagnostics sa,ia antigen,227
gcc biotech india private limited,diagsure 19 detection assay taqman based,1309
gcc biotech india private limited,diagsuren 19 detection assay multiplex taqman,1310
genbio pharmaceutical , antigen lateral flow assay,168
genbody ,genbody fia  ag,298
genbody ,genbody influenza ag multi,299
genbody  korea  republic of,genbody  ag,297
genbody  south korea,genbody  ag rapid poct,1221
gencurix ,genepro ,307
gencurix 402 908 910 digitalroad 242 gorugo seoul 08394 republic of korea,genepro ,1013
gene path diagnostics pune india,genepathx one qpcr v211,1311
gene proof czech republic,gene proof ,1312
gene proof czech republic,gene proof screening ,1313
genedrive diagnostics,genedrive 96  genedrive  bio plate genedrive  fast plate genedrive  low profile,997
genedrive diagnostics limited uk,96 ,1314
genematrix,neoplex detection  ,968
genematrix ,neoplex  detection ,433
geneohm sciences canada  ta bd diagnostics,bd reagents  bd max system ,918
general biologicals corp,gb real time  pcr,296
general biologicals corporation taiwan,gb real time  orf1ab gene  ic,1315
genereach biotechnology corporation taiwan padmanabha labs pvt ,iq real qualitative system,1316
genes 2 me private limited,genes2me  flu one step ,1317
genes 2 me private limited,genes2me direct multiplex real time  ,1318
genes 2 me private limited,tect multiplex   ,1319
genes 2 me private limited,viraldtect ii multiplex real time ,1320
genes 2 me private limited,viraldtect multiplex real time ,1321
genes2me pvt  gurugram haryana,rapi rapid ag  ,548
genes2me pvt  gurugram haryanaindia,rapi rapid ag  ,1126
genesprint group ,  antigen rapid colloidal gold,620
genestore france,detection expert 1s  one step rrt ,1325
genestore india private limited gurgaon,detection direct 2 gene rrt detection assay genestore france,1322
genestore india private limited gurgaon,detection expert  2 rrt detection assay,1323
genestore india private limited gurgaon,detection expert  rrt detection assay genestore france,1324
genesystem  south korea genetix biotech asia pvt ,smartchek novel coronavirus detection ,1326
genetic signatures  australia,easyscreen  detection ,251
genetix biotech asia pvt  new delhi,covi quick  real time ,1328
genetix biotech asia pvt  new delhi,covinat novel coronavirus detection ,1327
genetix biotech asia pvt  new delhi,covisure  real time ,1331
genetix biotech asia pvt  new delhi,covisure lyo mix 19 real time ,1329
genetix biotech asia pvt  new delhi,covisure media direct extraction  real time ,1332
genetix biotech asia pvt  new delhi,covisure media direct extraction  real time  100 s,1333
genetix biotech asia pvt  new delhi,covisure version 20 19 real time ,1330
genetron health beijing ,genetron rna ,"308,309"
genmark diagnostics ,eplex ,263
genome diagnostics pvt  new delhi india,genosensn019 real time ,1334
genores biotech pvt  maharashtra india,genocov,1335
genosensor ,gs  ,315
genrui biotech ,  and fluaflub antigen  ,603
genrui biotech ,  antigen colloidal gold,625
genrui biotech ,  nasalsaliva antigen colloidal gold,636
genrui biotech ,eaglecare crea reagent  sarcosinase oxidase method,816
genrui biotech ,genrui crea reagent  sarcosine oxidase method,822
genspeed biotech, ag xpoc,161
gensure biotech ,fluab antigen combo rapid  p2007,220
gensure biotech ,gensure  antigen rapid  ref p2004,310
genuine biosystem pvt  chennai tamilnadu india,gblisa  s1 rbd igg elisa  ,1203
getein biotech ,gp one step  antigencolloidal gold,817
getein biotech no 9 bofu road luhe district nanjing china,one step  antigen  colloidal gold selt  ,1110
gland pharma  hyderabad,rt  ,1336
gnomegen , digital pcrdetection ,212
gold analyses diagnostica, ag oral rapid ,155
gold analyses diagnostica, ag rapid ,156
goldsite diagnostics ,  antigen  colloidal gold,611
green cross medical science corp,genedia  ag,304
green cross medical science corp,genedia quantum  ag,303
grifols diagnostic solutions ,procleix assay,508
guangdong ardent biomed  hong kong biotime healthcare private limited,novel coronavirus  nucleic acid detection  fluorescent probe,1337
guangdong hecin scientific ,hecin 2019 antigen colloidal gold method,826
guangdong hecin scientific ,hecin 2019 nucleic acid  fluorescence probe method,841
guangdong huayin medicine science ,huaruain biology detection  ,944
guangdong longsee,2019 ag rapid detection ,2
guangzhou decheng biotechnology ,the chek 2019 ag rapid  ,718
guangzhou decheng biotechnology  china,2019 ag saliva rapid  card,5
guangzhou fenghua bioengineering co, antigen rapid  colloidal gold,800
guangzhou wondfo biotech , ag saliva rapid ,158
guangzhou wondfo biotech ,celer finecare ag ,112
guangzhou wondfo biotech ,celer wondfo ag rapid ,113
guangzhou wondfo biotech ,fastbio rbd 2019 neutralizing antibody ,824
guangzhou wondfo biotech ,finecare 2019 antigen ,859
guangzhou wondfo biotech ,finecare 2019 rbd antibody ,792
guangzhou wondfo biotech ,finecare ag ,281
guangzhou wondfo biotech  china,  antibody  lateral flow method,604
guangzhou wondfo biotech  china,2019 antigen  lateral flow method,11
guangzhou wondfo biotech  no 8 lizhishan road science city luogang district 510663 guangzhou china,finecare  iggigm  devicecodes w278,778
guangzhou wondfo biotech  no 8 lizhishan road science city luogang district 510663 guangzhou china,wondfo 2019 antigen  devicelateral flow methodw196,787
guangzhou wondfo biotech  no 8 lizhishan road science city luogang district 510663 guangzhou china,wondfo 2019 real time assay w275p002,788
guangzhou wondfo biotech r roofs private  abbott laboratories zydus cadilla,  antibody  lateral flow method,1184
ha tech biopharma diagnostics australia rlt group services,  multiplex diagnostic ,1338
ha tech pty ,rt ivd medical device 2019 novel coronavirus  2 nucleic acid detection,589
hain lifescience gmbh,fluorotype plus ver 10  use with the gxt96 x3 extraction ,998
hangzhou alltest biotech ,  antigen rapid  cassette self ing ce1434 otc nasal swab,617
hangzhou alltest biotech ,  antigen rapid  with lf reader nasopharyngeal swabnasal swab,623
hangzhou alltest biotech ,  flu ab antigen combo rapid  cassette nasopharyngeal swab,151
hangzhou alltest biotech , antigen  cassette fia nasopharyngeal swab,190
hangzhou alltest biotech , antigen rapid  cassette nasal swab,180
hangzhou alltest biotech , antigen rapid  cassette nasopharyngeal swab,181
hangzhou alltest biotech , antigen rapid  cassette oral fluid,182
hangzhou alltest biotech , antigen rapid  oral fluid 802,176
hangzhou alltest biotech , antigen rapid  oral fluid self  802h,177
hangzhou alltest biotech , antigen rapid  swab 502,178
hangzhou alltest biotech , flu ab antigen combo rapid  cassette swab,599
hangzhou alltest biotech ,beright  iggigm rapid ,861
hangzhou alltest biotech ,fluabrsvadnomp antigen combo rapid ,221
hangzhou alltest biotech ,gsd novagen rapid ,317
hangzhou alltest biotech  china,2019  iggigm rapid  cassette,3
hangzhou biotest biotech ,lumiratek  ag,394
hangzhou biotest biotech ,medtest coronavirus  ag rapid ,414
hangzhou biotest biotech  china, iggigm rapid  cassette,199
hangzhou biotest biotech  china,rightsign  iggigm rapid  cassette,585
hangzhou biotest biotech  china distributed cliawaived ,rightsign  iggigm rapid  cassette rebranded tocoronachek iggigm rapid  cassette,586
hangzhou biotest biotech  china distributed premier biotech ,rightsign  iggigm rapid  cassette rebranded topremier biotech  iggigm rapid  cassette,587
hangzhou biotest biotech no  china, antigen rapid  cassette,179
hangzhou clongene biotech , antigen rapid  cassette saliva,183
hangzhou clongene biotech , influenza ab antigen combo rapid  cassette,206
hangzhou clongene biotech ,clungene  antigen rapid ,130
hangzhou clongene biotech  china, iggigm rapid  cassette,200
hangzhou deangel biological engineering ,novel coronavirus glycoprotein detection ,461
hangzhou fenhe technology ,reopentest  antigen rapid ,572
hangzhou laihe biotech ,lyher novel coronavirus  antigen colloidal gold nasal,399
hangzhou laihe biotech ,lyher novel coronavirus  antigen colloidal gold no,400
hangzhou laihe biotech ,lyher novel coronavirus  antigen colloidal gold saliva,401
hangzhou laihe biotech ,lyher novel coronavirus  antigen colloidal gold self ,402
hangzhou laihe biotech  china,lyher novel coronavirus  antigen colloidal gold,398
hangzhou laihe biotech  china,lyher novel coronavirus 2019 igmiggantibodycombo colloidal gold,396
hangzhou laihe biotech  china distributed unisources group ,lyher novel coronavirus 2019 igmiggantibodycombo colloidal gold rebranded quickkit novel coronavirus 2019  igmigg antibody combo  ,397
hangzhou lysun biotechnology ,altamed  rapid  ,796
hangzhou lysun biotechnology ,altamed  rapid antigen,832
hangzhou realy tech ,novel coronavirus antigen rapid ,454
hangzhou realy tech  china,2019 iggigm rapid  device,15
hangzhou realy tech  china,novel coronavirus antigen rapid  cassette swab,452
hangzhou singclean medical products , rapid antigen ,209
hangzhou testsea biotechnology  china,cellife  antigen  cassette,115
hangzhou testsea biotechnology  china,testsea antigen  ,717
healgen scientific ,rapid  antigen ,550
healgen scientific limited liability company united states of america, iggigm rapid  cassette,201
healgen scientific limited liability company3818 fuqua street houston tx 77047 usa,healgen coronavirus ag rapid  cassette swab,1069
healthgroup medical  ,v code encode antigen rapid  device,731
hecin scientific ,hecin  antigen  ,319
helini biomolecules chennai,helini coronavirus real time  rdrp orf gene  dual target  single tube assay,1339
helini biomolecules chennai india,helini coronavirus  real time ,1340
helix opco  dba helix,helix   ag rapid  ,320
himedia laboratories private limited mumbai,hi  detection  dry swab method,1341
himedia laboratories pvt ,hi  triplex probe ,1342
himedia laboratories pvt ,hi coronavirus  multiplex probe ,1343
himedia laboratories pvt  mumbai maharashtra india,elisafe19  igg elisa detection ,1201
hll lifecare limited gurugramindia india ,makesure  rapid ,1160
hologic ,aptima assay,46
hologic ,panther fusion ,490
hologic 10210 genetic center drive san diego ca usa,aptima assay,1017
hoyotek biomedical ,corona virus  antigen rapid  colloidal gold,134
hoyotek biomedical ,influenza abcorona virus  antigen rapid  colloidal gold,346
huaruian biology ,genenostics detection  2019 rna multiple fluorescence probing lyophilised,988
hubei jinjian biology ,jinjian antigen colloidal gold method,808
humasis,humasis  ag ,325
humasis,humasis  ag home ,324
humasis,humasis flu ag combo ,326
humasis ,humasis  ag ,797
humasis ,humasis  iggigm ,844
humasis  distributed celltrion usa ,celltrion diatrust ag rapid ,117
humasis co,humasis  lgglgm antibody  ,903
humedix,accurate rapid  igmigg combo ,908
hunan lituo biotechnology ,2019 antigen rapid  cassette,8
hunan runmei gene technology  room 4011 building 3 shanhe medicalhealth industrial park no 1048 zhongqing road shaping street kalfu district changsha hunan prove china,  and variants nucleic acid detection ,1018
hunan runmei gene technology  room 4011 building 3 shanhe medicalhealth industrial park no 1048 zhongqing road shaping street kalfu district changsha hunan prove china,new coronavirus  nucleic acid detection ,1025
huwellifesciencespvt  hyderabad india,quantiplus detection  ver 20,1345
huwellifesciencespvt  hyderabad india,quantiplus multiplex  detection ,1344
hymonbio ,hymon  ,327
hyris ,bkit virus finder ,105
illumina,illumina  seq ,976
illumina,illumina seq ,333
imgenex india pvt  bhubaneswar odisha india,im ag rapid ag  card,1242
immuno science india pvt  puneindia ,immuno quick rapid  fordetection novel coronavirus igmigg antibodies ,1165
immunoscience india pvt ,immunoquick  iggrapid  device ,1169
immunoscience india pvt  pune maharshtra india,immunoquick  antigen rapid card  ,1127
immunoscience india pvt  pune maharshtra india,immunoquick 19 antigen rapid card  ,339
in vitro diagnostica  brazil,  ag invitest,601
inbios delhi india, rapid ,1173
inbios international ,s ag detect rapid ,657
inbios international ,smart detect  rrt ,"674,675"
inbios international 307 westlake ave north suite 300 seattle wa 98109 united states,s detect igg elisa,1077
inbios international 307 westlake ave north suite 300 seattle wa 98109 united states,s detect igm elisa,1078
indian institute of technology delhi india, probe free real time diagnostic ,1346
indomim private limited,rt cov2,1347
innodx solutions pvt ,innodetect   version 1,1348
innova medical group,innova antigen ,350
innovation scientific pty  australia,innoscreen  antigen rapid  device,347
innovation scientific pty  australia,innoscreen  antigen rapid  device self ,348
innovation scientific pty  australia,innoscreentm  iggigm rapid ,349
innovita tangshan biological technology ,2019 ag ,6
innovita tangshan biological technology  china,2019 ab  colloidal gold,4
integrated  dna technologies ,2019 cdc eua  500 rxn,937
international point of care  canada,lumivi diagnostics  2 igg rapid  ,395
intron biotechnology  korea loften india pvt ,lilif  multi real time ,1349
intron biotechnology korea loften india pvt ,lilif  reqal time ,1350
invitrogen bioservices private limited 2nd floorcitius block first technology place no3 epipwhitefield bengaluru bengalurubangalore urban karnataka india,covipath  ,1029
inzek international trading,biozek medical  antigen rapid  cassette nasopharyngeal swab,845
inzek international trading bv,biozek medical  iggigm rapid  cassette whole bloodserumplasma,849
ipsum diagnostics , 19 idx assay,140
ivdlab ,ivdlab  ag ,363
ixensor,pixotest  antigen ,502
ixensor  taiwan,pixotest  ag  ,503
j mitra  bengaluru karnataka india, ag microlisa,143
j mitra  bengaluru karnataka india,elisa based  microlisa detection ,1128
j mitra  pvt  delhi india, kawach igg microlisa,1196
j mitra new delhi india, ag card  ver 2,1240
j mitra new delhi india,elisa based  microlisa detection ,1235
jeev diagnostics pvt ,identi g2 ,1351
jiangsu bioperfectus technologies ,novel corona virus ag rapid  ,446
jiangsu bioperfectus technologies ,perfectq  coronavirus real time ,1154
jiangsu bioperfectus technologies  china, coronavirus real time ,"193,194"
jiangsu cowin biotech  china,novel coronavirus  2 fast nucleic acid detection ,453
jiangsu konsung biomedical science  technology ,konsung novel coronavirus 2019 antigen rapid diagnostic  ,857
jiangsu medomics medical technology  china,  antigen lfia,627
jiangsu mole bioscience ,  antigen  cassette,624
jiangsu well biotech ,orawell  ag rapid saliva  device self ,476
jiangsu well biotech ,orawell igmigg rapid ,477
jiangsu well biotech  distributed phase scientific international limited,indicaid  igmiggrapid  rebranded by phase scientific international limited,343
jitm skills private limited new delhi india,jitm  detection ,1352
jn medsys   singapore,protect  qpcr ,1353
joinstar biomedical technology , antigen rapid  colloidal gold immunology sample,173
joinstar biomedical technology , antigen rapid  latex,174
joinstar biomedical technology , influenza ab antigen rapid ,598
joysbio tianjin biotechnology , antigen rapid colloidal gold,145
joysbiotianjin biotechnology ,joysbio iggneutralizing antibody rapid colloidal gold,793
kaneka corporation,kaneka direct ,365
karwa enterprises private limited delhi,karwa  lamp diagnostic ,1354
karwa enterprises private limited delhi,karwa nucleic acid detection ,1355
karwa enterprises pvt  delhi india,kavach karwa igg elisa,1191
kephera diagnostics,kdx rapid antigen ,370
kh medical ,radi  ag rapid ,545
kh medical ,radi  detection ,546
kilpest 3b blackbio biotech india  bhopal india,trupcr  qpcr  version 2,1356
kilpest india  bhopal madhya pradesh india,trurapid  ag  ,1244
kimforest enterprise ,kimforest detection  v1,374
kjb diagnostics hyderabad telangana india, igg elisa ,1202
kk dnaform,smartamp  ,678
koch biotechnology beijing ,  antigen lateral flow assay,612
kogene biotech  korea  republic of,powerchek 2019 real  time ,507
kogene biotech  seoul korea kin diagnostics,powercheck ,1357
kogene biotech seoul korea,power check 2019 real time ,1358
kohjin bio ,kbm linecheck  flu,368
kohjin bio ,kbm linecheck stick type,367
kojin bio ,kbm line check stick type,366
kojin bio ,kbm linecheck ncovflu,369
koshbio pvt  faridabad haryana india, cov2 rapid  ,1238
kriya medical technologies pvt,kirida novus  real time omicrondetection ,1149
lab care diagnostics india pvt  mumbai india,accucare  one step ,1359
lab care diagnostics india pvt mumbai maharashtra india ,accucare igmigg lateral flowassay  ,1161
lab genomics  republic of korea siemens healthcare private limited,labgun  assay plus,1360
lab genomics  republic of korea siemens healthcare private limited,labgun real time ,1361
labcare diagnostics  valsad gujarat india, antigen lateral flow  device,169
labcare diagnostics  valsad gujarat india supplied mylab discovery solutions,accucare  antigen lateral  device,1216
labcare diagnostics india pvt  valsad gujarat india,novel coronavirus  igg elisa,1193
labgenomics,labgun  ,375
labgenomics ,labgun  real time  ,943
labnovation technologies ,  antigen  influenza ab rapid  ,605
labnovation technologies ,  antigen rapid  ,618
labnovation technologies 1015th floor building 1 no 68 18th road guangming hitech park tangjia community fenghuang street guangming district shenzhen 518107 china,  antigen rapid  immunochromatographyself  ,1053
laipac technology ,look spot  antigen rapid ,384
lansion biotechnology , antigen dry fluorescence immunoassay,191
leadgene biomedical ,leadgene antigen rapid  ,377
lepu medical technology beijing ,  antigen rapid colloidal gold immunochromatography,619
lgc biosearch technologies,biosearch technologies real time and end point  pcrtest,98
life assay diagnostics pty  ,test it  rapid  cassette,899
life technologies corporation pleasanton,taqpath  ce ivd ,928
life technologies corporation pleasanton,taqpath  combo  100,930
life technologies corporation pleasanton,taqpath  combo  1000,929
life technologies corporation pleasanton,taqpath  flua flub combo ,994
life technologies corporation usa see also thermofisher,taqpath  combo ,705
life technologies corporation6055 sunol blvd pleasanton california 94566 usa,taqpath  ce ivd ,1033
life technologies corporation6055 sunol blvd pleasanton california 94566 usa,taqpath  flua flub combo ,1030
lifespan biotech pvt  madhya pradesh india,ls  qpcr ,1362
lifespan biotech pvt  madhya pradesh india,ls  qpcr multiplex ,1363
lipomic healthcare pvt  new delhi,lipomic  multiplex realtimert ,1364
lmg  laser medical group,basall family  2019 antigen,64
lomina ag,  protein antigen rapid ,635
lords mark industries private ,lordmed  ag  ,386
lords mark industries pvt  mumbai maharashtra india,lordmed  ag  ,1130
lucira health ,lucira  all in one  ,387
luminex corporation,aries assay ,51
luminex molecular diagnostics ,nxtag  extended panel assay,466
luminostics ,clip  rapid antigen ,128
luminostics ,clip 19 smartphone read out high sensivity antigen detection ,129
luminultra technologies  canada,genecount  qpcr assay ,302
lumiquick diagnostics ,quickprofile  antigen ,539
lumiquick diagnostics  2946 scott blvd santa clara ca 95054 usa,quickprofile  iggigm combo  card,1058
lumiradx uk ,lumiradx ag ,391
lumiradx uk ,lumiradx rna star,392
lumiradx uk ,lumiradx rna star complete,393
lumos diagnostics,x rapid antigen ,228
lumos diagnostics ata rapid pathogen screening  ata lumos diagnostics  united states,x rapidantigen  ,229
maccura biotechnology ,  fluorescent pcr,952
maccura biotechnology ,mag bind rna extraction ,953
maccura biotechnology  china eris lifesciences ,  nucleic acid detection  flourescent pcr,1368
maccura biotechnology 16 baichuan road hightech zone 611731 chengdu peoples republic of china,  fluorescent ,1009
maccura biotechnology 16 baichuan road hightech zone 611731 chengdu peoples republic of china,  fluorescent pcr,1035
maccura biotechnology usa ,  fluorescent ,"629,630,631"
maggenome technologies pvt  emakulam,maggenome  single tube multiplex ,1369
maimed,medsan antigen rapid ,413
maimed,novel coronavirus 2019 antigen colloidal gold,456
malcom company limited,standard  ag ,693
mammoth biosciences ,  detectrreagent ,628
materialsmachines corporation of america dba matmacorp ,matmacorp  2sf ,410
med achievers private limited noida uttar pradesh india,genome analyst detection ,1370
median diagnostics ,mdx  ag rapid ,411
medical  biological laboratories ,mebright ,412
medical diagnostech pty , antigen rapid acute infection ,170
medical diagnostech pty ,md  antigen ,1008
medical diagnostech pty ,md  iggigm rapid ,915
medical innovation ventures sdn bhd mediven,prodetect  antigen rapid ,511
medical innovation ventures sdn bhd mediven,prodetect  antigen rapid  oral fluid,512
medical innovation ventures sdn bhd mediven,prodetect  antigen rapid self ,509
medical innovation ventures sdn bhd mediven,prodetect  antigen rapid self  saliva,510
medicon ,trueline  ag rapid ,726
medix biochemica,actim  ,22
medizinische labordiagnostika ag deutschland ,  real time ,923
medizinische labordiagnostika ag deutschland germany,anti elisa iga,894
medizinische labordiagnostika ag deutschland germany,anti elisa igg,895
medsource ozone biomedicals faridabad haryana, ,1371
medsource ozone biomedicals faridabad haryana,ozofind  cov2 ,1372
medsource ozone biomedicalsharyana india , igmigg rapid  ver 20 ,1164
medzome lifesciences pvt  solan himachal pradesh india,futurecare  ag detection  ,"295,1229"
megna health ,rapid  igmigg combo  ,551
meridian,revogene assay,582
meril diagnostics,meril  one step ,969
meril diagnostics pvt ,meriscreen  antigen detection ,415
meril diagnostics pvt  gujarat india,meril  one step ,1373
meril diagnostics pvt  gujarat india,one step   lyophilized,1374
meril diagnostics pvt  gujarat india,one step   lyophilized target orf1ab and genes,1375
meril diagnostics pvt  vapi gujarat india,anti human igg elisa,1195
meril diagnostics pvt  vapi gujrat india, antigen detection  fia immunofluorescence analyzer chf200,1132
meril diagnostics vapi gujarat india, antigen detection ,1133
meril diagnosticspvt ,covifind  rapid ag self ,1113
merlin biomedical xiamen ,  antigen rapid  cassette,615
mesa biotech ,accula ,19
metadesign solutions pvt  haryana,pathkits mds  detect rtpcr ,1376
metas biomedical ,immtek  antigen rapid ,334
mexacare diagnostics gmbh,mexacare  antigen schnellltest,417
mexacare diagnostics gmbh,mexacare influenza ab ag combo schnelltest,416
mico biomed ,veri  ag rapid ,733
mico biomed ,veri  multiplex detection ,1377
micobiomed ,veri 316  detection system,1155
micobiomed ,veri 316 detection ,"734,735"
micobiomed  korea poct services pvt ,veri  multiplex detection ,1378
micobiomed  korea poct services pvt ,veri n qm  multiplex detection ,1379
microbio pty  australia bizsoch consultants llp,microbio infectid 19 catmb 1,1380
microlyn healthcare pvt  neelankarai tamilnadu india,  igg elisa,1212
mirxes,mirxes fortitude 21,963
mizuho medy ,quick chaser  flu,533
mizuho medy ,quick chaser  flu b,534
mizuho medy ,quick chaser auto  ,532
mizuhomedy ,fuji dry chem immno ag cartridge  ag,292
mizuhomedy ,quick chaser auto  2,531
mizuhomedy ,smart gene  ,676
mjbiopharmpvt ,mj coronavirus  qpcr ,1366
mobidiag oyfinland,novodiag  concept,955
mobiledetect bio ,mobiledetect bio bcc19 md  bio bcc19  ,419
molab gmbh, antigen prefilled buffer,188
mologic ,mologic  rapid ,421
mologic  bedford technology park thurleigh bedford mk44 2ya united kingdom, antigen rapid diagnostic ,1098
mp biomedicals asia pacific   singapore,rapid antigen  card,558
ms lorven biologics pvt ,saic 19 ag ,1228
ms lorven biologics pvt  hyderabad telangana india developed ssihl anantpur,saic 19 ag ,1131
ms sd biosensor  south korea,standard   19 igmigg duotest ,1187
ms siemens healthcare private limited mumbai,imdx multiplex orf1abn gene rtpcr assay,1367
mylab discovery solutions  pune maharashtra india,coviselftm pathocatch  otc antigen lf device home  ,1134
mylab discovery solutions  pune maharashtra india,gazelle pathocatch  fia  ,1239
mylab discovery solutions pvt ,coviself pathocatch  otc ag detection  home based self ,231
mylab discovery solutions pvt ,coviswifttm  plus rapid  poct,1381
mylab discovery solutions pvt ,patho detect,1382
mylab discovery solutions pvt ,pathocatch  ag detection ,492
mylab discovery solutions pvt ,pathodetect  qualitative  ,985
mylab discovery solutions pvt ,pathodetect coronavirus  qualitative ,1384
mylab discovery solutions pvt ,pathodetect two tube assay,1383
mylab discovery solutions pvt ,truemix,1385
nal von minden gmbh,nadal  ag,424
nal von minden gmbh germany,nadal  iggigm  pack 10,"425,426,427,428"
nanjing liming bioproducts ,strongstep antigen ,696
nanjing norman biological technology ,nanjing norman  igm igg rapid  ,907
nanjing vazyme medical technology ,kifatest  antigen,852
nanjing vazyme medical technology  china biotime healthcare pvt ,2019 novel coronavirus 2019 triplex qpcr detection ,1386
nanjing vazyme medical technology  floor 13 building c2 red maple park of technological industry kechuang road economy  technology development zone nanjing china,2019 novel coronavirus 2019 triplex qpcr detection ,1028
nanjing weiyun biotechnology ,  antigen rapid latex immunochromatography,622
nanoditech corp,nano check  antigen ,429
nanoditech corporation,fluoro check  antigen ,283
nanoentek ,frend  ag,287
nanoentek ,frend  ag  flu ab,288
nantong diagnos biotechnology ,nantong diagnos  antigen colloidal gold cassette,1006
nantong diagnos biotechnology 2nd floor building 6 electronic information industrial park no 2 haiyang south road chengnan street 226500 rugao city jiangsu prove peoples republic of china,2019 new coronavirus antibody  colloidal gold,1097
nantong diagnos biotechnology 2nd floor building 6 electronic information industrial park no 2 haiyang south road chengnan street 226500 rugao city jiangsu prove peoples republic of china,2019 new coronavirus antigen  colloidal gold,1096
nantong egens biotechnology ,  rapid antigen  ,648
nantong egens biotechnology  china, iggigm rapid  ,204
national electronics complex of pakistanplot 23 street 6 sector h91 islamabadal lab necop plot 23 street 6 sector h91 islamabad, raid rapidartificial intelligencedetection,776
ndfos ,nd  ag ,431
ndfos  sinwonro,smart diagnostic  antigen ,848
neodx biotech labs,neocheck  rapid antigen  self ing,432
neodx biotech labs private limited india,x assure detection ,1387
neodx biotech labs private limited india,x detect detection ,1388
neodx biotech labs private limited india,x direct plex detection ,1389
neodx biotech labs private limited india,x mplex 3nc detection ,1390
neodx biotech labs private limited india,xtm mplex 3nr detection ,1391
neodx biotech labs private limited india dss imagetech pvt ,x mplex 4r detection ,1392
neodx biotech labs pvt bengaluru karnataka india,neocheck  rapid antigen  self inghome  ,1135
neumodx molecular ,neumodx strip,434
new gene hangzhou bioengineering ,  influenza  influenza detection ,150
new gene hangzhou bioengineering , antigen detection  nasopharyngeal swab sputum samples,167
new gene hangzhou bioengineering ,kiamgenics  rapid antigen  ,373
new gene hangzhou bioengineering  room 1606 floor 16 building 5 688 binan road changhe street binjiang district hangzhou city zhejiang prove r china, antigen detection ,"1071,1072,1070"
newscen coast bio pharmaceutical  china, iggigm rapid  cassette,202
nextgen in vitro diagnostics limited faridabad haryana india,covscan  co 2 antigen detection ,1231
nextgen invitro diagnostics pvt ,covscan antigen detection ,232
nextgeninvitro diagnostics pvt haryana,covscan qpcr ,1393
ng biotech,ng  ag,438
ng biotech,ninonasal ,441
ng biotech,ninonasal self ,440
nichirei biosciences ,immunofine  ,338
ningbo health gene technologies ,  virus detection diagnostic  qpcr method version 10,1394
ningbo health gene technologies  china,  virus detection diagnostic ,653
nirmidas biotech ,midaspottm  antibody combo detection ,418
nirmidas biotech ,nirmidas   igmigg antibody detection ,442
norgen biotek corp canada, taqman  erdrp genes dx,216
norgen biotek corp canada,2019 taqman  dx,"13,14"
novatecimmunodiagnostica germany eurofins amar immunodiagnostics pvt ,gsd novaprime  pcr,1395
novegent,novegent  antigen rapid  ,445
nowdiagnostics ,adexusdx  ,24
ntbio diagnostics  canada,ntbio one step rapid   iggigm antibody ,464
nucleus diagnosys llp ahmedabad gujarat india, rapid antigen  ,1245
nucleus diagnosys llp gujarat india,  triplex ,1396
nulife care,abcheck rapid antigen self  nasal,1114
nulifecare noida,nulife  ag rapid  device,465
nulifecare noida up india,abchek  igmiggantibody rapid  ,1162
omega biotek ,mag bind viral dnarna 96  12 96 preps m6246 03,938
operon sa,simplestick ag ,671
opti medical systems ,opti ,973
opti medical systems ,opti pcrtest,"474,475"
opti medical systems 235 hembree park drive roswell georgia 30076 usa,opti ,1102
optolane technologies ,kaira 2019 detection ,364
orasure technologies ,inteliswab  rapid ,357
orasure technologies ,inteliswab  rapid  pro,"358,359,360,1156"
orasure technologies ,inteliswab  rapid  rx,361
ortho clinical diagnostics,vitros immunodiagnostic products antigen,742
ortho clinical diagnostics ,vitros immunodiagnostic products antigen reagent pack,743
ortho clinical diagnostics mumbai maharashtra india,vitros ag  clia  vitros 3600,1136
ortho clinical diagnosticsmumbai maharashtraindia, vitros agtest clia vitros 3600,1227
osang health care south korea,gene finder ,1397
osang healthcare,genefinder  plus real ampkit,960
osang healthcare ,genefinder  plus,926
osang healthcare ,genefinder  plusrealamp ,306
osanghealthcare,genefinder  ag rapid ,305
oscar medicare pvt ,optra shield  igg rapid  ,1181
oscar medicare pvt  delhi india, antigen card ,163
oscar medicare pvt  delhi india,corona igg ab detection  os igg,1177
oscar medicare pvt  delhi india,corona igg elisa,1208
oscar medicare pvt  delhi india,oscar corona rapid ag  ,"478,1224"
oscar medicare pvt  delhi india,rapid  corona antibody igmigg,1171
oscar medicare pvt  new delhi india, ,1398
oswaldo cruz foundation,tr  ag bio manguinhos,723
p23 labs ,p23 labs taqpath assay,480
panion  bf biotech ,vstrip  antigen rapid ,745
panion  bf biotech taiwan supplied tricell biologics chennai,vstrip  antigen rapid ,1217
pantest sa,pantest coronavirus ag,489
patanjali pharma,one step  antigen detection ant,469
pathkits healthcare pvt  gurugram haryana india,pathkits simple  ag rapid ,"491,1137"
pathogendx ,detectx rv,238
pcl ,pcl 19 ag gold,494
pcl ,pcl 19 ag rapid fia,495
pcl ,pclmd tm one step ,942
pcl  korea 701 star valley gasan digital complex seoul korea,pcl  aggold saliva,781
pcl  seoul republic of korea hemogenomics pvt ,pcl  iggigm rapid gold,1170
pcl  south korea,pcl  rapid fia,1218
perkin elmer finalnd,  qpcr reagent ,1399
perkinelmer ,perkinelmer  antigen ,496
perkinelmer suzhou symbio lifescience ,perkinelmer new coronavirus nucleic acid detection ,497
phase scientific international ,indicaid  rapid antigen ,345
phase scientific international limited,indicaid  rapidantigen ,344
philosys ,gmate ,312
pinpoint science ,pinpoint  screening assay,501
pishtaz teb diagnostics,  antigen rapid ,613
pishtaztebzaman diagnostics iran corevyan private limited, one step ,1400
plexbio ,intelliplex detection ,362
poct services private limited,q line molecular er 19 ,1401
poct services pvt  delhi india,q lisa ,1205
poct services pvt limited lucknow india,q line molecular coronavirus  ,1402
poly medicure ,polymed  rapid ag  ,506
poly medicure  faridabad haryanaindia,polymed  rapid ag  ,1139
poly medicure limited faridabad haryana,polymed 2019 ,1403
precigenome ,fastplex triplex detection ,280
precision biomonitoring ,triplelock  strips,725
precision biosensor ,exdia  ag,274
precision biosensor ,pbcheck  ag,493
precision system science ,elite mgb pcrdetection ,257
premier medical corporation private limited,sure status  antigen card ,698
premier medical corporation private valsad gujarat india ,sure status  iggigmcard  ,1182
premier medical corporation pvt ,sure status  ag ,697
premier medical corporation valsad gujarat india supplied cipla ,sure status  ag  ciptest  antigen card ,1219
prime4dia ,p4detect  ag,481
prime4dia ,p4detect  sag,482
prime4dia ,p4detect flu,483
primer design ,coronavirus  genesig real time assay used together with the gxt96 x3 extraction  ver 10,993
primer design ,genesig real time coronavirus  ce ivd ,924
primer design uk,z path genesig,1404
primerdesign , genesig real  time assay,"196,197"
primerdesign ,genesig assay,921
procomcure biotech gmbh trax management services ,phoenixdx 2019 ncov,499
procomcure biotech gmbh trax management services ,phoenixdx multiplex,500
progenie molecular  spain,realcycler coronavirus orf8 gene,1405
prognosis biotech,rapid  ag 2019 ncov,563
promea therapeutics pvt  hyderabad telangana india,prolisa  igg elisa,1198
promea therapeutics telangana,propcr  qpcr,1406
promoitalia group spa,drop tech,247
pt arfiko duta,m gene  qpcr multiplex,889
pt arkanindoplast utama,arkan medical  antigen rapid  ,882
pt indo medical diagnostic,safety rapid  ag,869
pt indo medical diagnostik,ia 19 rapid  antigen  ,866
pt indonesia farma,aptamex  dna aptamer gold nanoparticle  ,883
pt indonesia farma,aptamex  dna aptamer gold nanoparticle 110,867
pt indonesia farma,smart diagnostic antibody igmigg rapid ,879
pt interskala medika indonesia,genomic  antigen colloidal gold,864
pt interskala medika indonesia,is  antigen colloidal gold,868
pt interskala medika indonesia,medicheck  antigen colloidal gold,863
pt interskala medika indonesia,vitrogen  antigen colloidal gold,862
pt jayamas medica industri,onemed  detecto  antigen rapid ,892
pt jayamas medica industri,onemed rapid  igmigg antibody  ,885
pt jayatunggal sekarmulia,wholepower  antigen rapid diagnostic ,871
pt jayatunggal sekarmulia,wholepower  iggigm one step rapid diagnostic ,874
pt kalgen dna,elva diagnostic saliva nucleic acid  ,886
pt kimia farma tbk,kimia farma  iggigm ,881
pt newsha inovasi internasional,newsha genomics  antigen ag s,877
pt oneject indonesia,bioquick  ag rapid  device nasopharyngeal,878
pt oneject indonesia,bioquick ag rapid  device nasal,865
pt pakar biomedika indonesia,uji cepad  ag ,872
pt prodia diagnostic line,bpro  ag rapid diagnostic ,880
pt sedoyo sami sehat,fast  antigen rapid ,870
pt standard biosensor healthcare,fastclear  ag ,891
pt taishan alkes indonesia,clungene ind  antigen rapid  cassette,888
pt taishan alkes indonesia,ekomed  antigen rapid  device,884
pt taishan alkes indonesia,indoswab  antigen rapid ,873
pt taishan alkes indonesia,newlungene  antigen rapid  casette,876
pt taishan alkes indonesia,taishan indonesia  antigen rapid ,887
pt tempo merah putih,tempo diagnostic  antigen rapid nasal swab,875
qawach bio,insta ag ,352
qawach bio pvt ,insta ag ,1236
qiagen gmbh,qiareach antigen ,514
qiagen gmbh,qiastat dx respiratory  panel,515
qiagen hilden germany,qiagen prepamp viral rna um  with the n1n2 ,986
qingdao hightop biotech , ag,152
qingdao hightop biotech , ag  celer biotecnologia,153
qingdao hightop biotech ,sure bio tech  iggigm rapid lateral flow assay,898
qingdao hightop biotech  china,  igmlggantibody rapid ,634
qorvo biotechnologies ,omnia antigen ,468
qrx private limited delhi,saraltest lamp ,1407
quadrant biosciences ,clarifi ,122
qualpro diagnostics division of tulip diagnostics pvt ,qualisa  igg anti  igg elisa,1209
quantabio,cdc 2019 novel coronavirus 2019  real time diagnostic panel,939
quanterix corporation,simoa n protein antigen ,669
quanterix corporation,simoa nprotein antigen ,670
quantumdx united kingdom allybio private limited,quantumdx detection assay,1408
quest diagnostics infectious disease ,quest diagnostics ha  rrt ,527
quest diagnostics infectious disease ,quest diagnostics pf  rrt ,528
quest diagnostics infectious disease ,quest diagnostics rc  rrt ,529
quest diagnostics infectious disease ,quest rrt ,530
quibasa qumica bsica a,bioclin fast  ag,83
quidel corp,lyra rrt ,403
quidel corp,solana assay,682
quidel corporation,lyra assay,1001
quidel corporation,lyra direct assay,1000
quidel corporation,quickvue  antigen ,"542,543"
quidel corporation,quickvue at home  ,540
quidel corporation,quickvue at home otc  ,"541,1157"
quidel corporation,sofia  antigen fia,681
quidel corporation,sofia 2  antigen fia,680
quidel corporation,sofia 2 flu antigen fia,679
quidel corporation,solana assay,996
racer technology  ,clearepi  detect antigen rapid ,819
rapigen ,biocredit  ag,87
rapigen ,biocredit  ag  nasal,89
rapigen ,biocredit  ag home  nasal,88
rapigen 34f 16 lsro 91beongil dongangu anyangsi gyeonggido 14119 republic of korea,biocredit  ag,1042
rbiopharm,rida gene  ,965
rbiopharm,ridagene  ,984
rbiopharm ag,rida quick antigen ,584
recombigen laboratory pvt  new delhi india, rapid antigen  ,1243
reliance industries limited india, green  realtime pcr,1409
reliance industries limited india,r green pro one taqman based real time ,1410
resilient supplier,resilient  rpido direct read antigen  cassette ,577
resilient supplier,resilient  rpido direct read antigen influenza ab ,576
resilient supplier,resilient rpido direct read antigen paper strip  ,578
reszon diagnostics international sdn bhd,reszon  rapid antigen ,581
rheonix,rheonix  mdx assay,583
roche diagnostics,  rapid antigen standard antigen ,647
roche diagnostics,cobas ,"132,133"
roche diagnostics,cobas  ,131
roche diagnostics ,  rapid antigen ,643
roche diagnostics ,eclusis reagent ag,252
roche diagnostics ,elecsys antigen ,256
roche diagnostics gmbh,elecsys anti e1g,893
roche diagnostics gmbh,elecsys anti e2g,911
roche diagnostics gmbh,roche elecsys  anti s immunoassay e1g,914
roche diagnostics gmbhsandhofer str116 68305 mannheim germany,elecsys anti ,777
roche diagnostics pvt ,elecsys antigen  clia cobas e411,1241
roche diagnostics switzerland,light mix modular 19 rdrp,1411
roche molecular systems,cobas  influenza ab nucleic acid  use on the cobas liat systems,809
roche molecular systems ,cobas  influenza ab,972
roche molecular systems ,cobas qualitative nucleic acid  use on the cobas 68008800 systems,811
roche molecular systems 1080 us highway 202 south branchburg nj 08876 usa,cobas  influenza ab nucleic acid  use on the cobas liat system material code 09211101190,1105
rohto pharmaceutical ,check mr cov19,119
romedholland  van oostveen medical bv,romed coronavirus ag rapid  cassette swab,588
safecare biotech hangzhou , antigen swab,192
sakura tech  ,sherlock crispr ,1002
salofa oy,clarity  antigen rapid  cassette,123
salofa oy,ovios antigen rapid  cassette,479
salofa oy,salocor  antigen rapid  cassette,593
salofa oy,sienna  iggigm rapid  cassette,909
salofa oy,sienna clarity  antigen rapid  cassette,668
salofa oy,sienna clarity coviblock  iggigm rapid  cassette,667
salofa oy,spring health  antigen rapid  cassette,686
sansure bio tech ,novel coronavirus 2019  nucleic acid diagnostic  fluorescence probing,447
sansure biotech , nucleic acid pcrtest ,987
sansure biotech ,acs 2019 nucleic acid based diagnostic reagent ,917
sansure biotech ,reagents dna andor rna extraction and preparation bacteria andor virus,936
sansure biotech ,sansure2019 nucleic acid based diagnostic reagent ,950
sansure biotech  changsha china,novel coronavirus2019 nucleic acid diagnostic  fluorescence probing,1412
sansure biotech no680 lusong road hitech development zone yuelu district changsha hunan prove 410205 peoples republic of china,novel coronavirus 2019 nucleic acid diagnostic  fluorescence probing,1050
schebo biotech ag,schebo quick antigen,655
sciencell,sciencell coronavirus real time  qpcr detection  multiplex option,656
sd biosensor,athome kit nasal,1116
sd biosensor,sd biosensor rapid antibody ,815
sd biosensor,sd biosensor rapid antigen ,810
sd biosensor,sd biosensor rapid antigen  nasal,812
sd biosensor,standard  igmigg combo ,853
sd biosensor,standard  igmigg duo ,854
sd biosensor,standard n real time detection ,690
sd biosensor,standard n realtime detection  ,967
sd biosensor ,  rapid antigen  nasal,649
sd biosensor ,  rapid antigen self  nasal,642
sd biosensor ,standard  ag ,691
sd biosensor ,standard  ag   eco diagnostica ltda,694
sd biosensor ,standard  ag fia,687
sd biosensor ,standard  ag fia  eco diagnostica ltda,688
sd biosensor ,standard  ag home ,692
sd biosensor ,standard flu ag combo ,"689,695"
sd biosensor  c45 floor 16 deogyeongdaero 1556beongil yeongtonggu suwonsi gyeonggido 16690 republic of korea,standard  ag  ,1048
sd biosensor  distributed roche diagnostics australia,  rapid antigen ,"644,645,646"
sd biosensor c45 floor 16 deogyeongdaero 1556beongil yeongtonggu suwonsi gyeonggido 16690 republic of korea,  rapid antibody ,1099
sd biosensor c45 floor 16 deogyeongdaero 1556beongil yeongtonggu suwonsi gyeonggido 16690 republic of korea,  rapid antigen ,1074
sd biosensor c45 floor 16 deogyeongdaero 1556beongil yeongtonggu suwonsi gyeonggido 16690 republic of korea,standard  ag  ,1047
sd biosensor c4th5th 16 deogyeongdaero1556beongil yeongtonggu suwonsi gyeonggido16690 republic of korea,standard n real time detection ,"1037,1036"
sd biosensor healthcare pvt ,ultracovi  catch home ,1115
sd biosensor healthcare pvt  gurugram haryana india,standard  igg elisa,1207
sd biosensor korea supplied rochediagnostics,  rapid ag  nasal,1141
sd biosensor south korea,n real time detection ,1413
sd biosensor south korea,standard  ag fia analyser standard f2400,1142
sd biosensor south korea  india,standard  ag,1215
seasun biomaterials,aq top  rapiddetection ,47
seasun biomaterials,aq top  rapiddetection  plus,48
seasun biomaterials,u top  detection ,729
seegene ,allplex  fluaflubrsv assay,974
seegene ,allplex 2019 assay,927
seegene ,allplex 2019 assay ,"35,36"
seegene ,allplex master assay,1004
seegene ,allplex variant assay,1005
seegene  ,allplex assay nucleic  acid technique nat,961
seegene  taewon bldg 91 ogeumro songpagu seoul republic of korea,allplex master assay,1031
seegene south korea,allplex 2019 assay,1414
seegene south korea,allplex master assay,1415
seegene taewon bldg 91 ogeumro songpagu seoul republic of korea,allplextm assay,1015
sekisui medical ,rapidtesta  ,565
seloi healthcare,insta  ag one step antigen rapid ,351
seloi healthcare pvt mumbai maharashtra india,insta  ag onestep antigen rapid ,1144
sensingself  ,s1  rapid antigen ,590
sensingself  ,s4 multiplex rapid antigen  mersinfluenza ainfluenza b,591
sensitest the netherlands bv,sensitest joysbio antigen rapid  ,659
sentinel diagnostics italy,stat nat  realtime ,1416
sentinel diagnostics italy kopran laboratories limited,stat nat  hk lyophilized mix qualitative detection novel corona virus in realtime pcr,1417
sg diagnostics, antigen rapid  ,185
sga medikal,  rapid ag colloidal gold,640
sga medikal,  rapid ag ifa,641
shambhav medical uttar pradesh,virodetect  real time ,1418
shangahai zj biotech,multiple respiratory virus nuceic acid ivd  nucleic acid technique nat,931
shanghai biogerm medical technology room 13021307 1309 building 3 no 1588 huhang highway fengxian district shanghai china,novel coronavirus 2019 nucleic acid detection  fluorescence probing,1103
shanghai bionaire biotech ,bionaire novel coronavirus  antigen  colloidal gold,795
shanghai chemtron biotech , and influenza ab antigen combo rapid  colloidal gold,162
shanghai chemtron biotech , antigen rapid  colloidal gold,172
shanghai chemtron biotech ,influenza abrsvadenovirus antigen combo rapid  colloidal gold,223
shanghai chemtron biotech ,influenza abrsvantigen combo rapid  colloidal gold,224
shanghai fosun long march medical science  china,fosun  pcrdetection ,"285,286"
shanghai fosun long march medical science  china,novel coronavirus 2019  detection  commercial name fosun 2019 qpcr,451
shanghai geneodx biotechnology  china,novel coronavirus 2019 nucleic acid detection  real time pcr,457
shanghai kehua bio engineering ,diagnostic  nucleic acid real time pcr,241
shanghai zj biotech  china,novel coronavirus 2019  real time multiplex  ,449
shanghai zj biotech  china,novel coronavirus 2019  real time multiplex detection 3 genes,450
shankaranarayana life sciences llp karnataka,sn  ensure one step multiplex detection ,1419
shenzenunimedica technology  vishat diagnostics pvt ,real time  novel coronavirus 2019 orf1ab n,1420
shenzhen bioeasy biotechnology ,bioeasy 2019 ag fluorescence rapid time resolved fluorescence,90
shenzhen kisshealth biotechnology ,  antigen  gica,806
shenzhen landwind biotechnology ,landwind antigen colloidal gold,818
shenzhen lvshiyuan biotechnology ,green spring antigen rapid  ,314
shenzhen lvshiyuan biotechnology ,green spring flu  flu   ag rapid ,313
shenzhen microprofit biotech ,  antigen fluorescence immunoassay,626
shenzhen microprofit biotech , influenza ab antigen combo colloidal gold,600
shenzhen mindray biomedical electronics  china,  igg clia,1206
shenzhen mindray biomedical electronics co,mindray crea creatinine  sarcosine oxidase method,820
shenzhen new industries biomedical engineering  no23 jinxiu east road pingshan district 518122 shenzhen pr china,maglumi 2019 igg clia,1080
shenzhen new industries biomedical engineering  no23 jinxiu east road pingshan district 518122 shenzhen pr china,maglumi 2019 iggigm clia,1093
shenzhen new industries biomedical engineering  no23 jinxiu east road pingshan district 518122 shenzhen pr china,maglumi 2019 igm clia,1089
shenzhen unimedica technology  room 202 block 6th liuxian culture park xili town nanshan district shenzhen guangdong prove pr china,novel coronavirus 2019 nucleic acid detection  fluorescence method,1108
shenzhen unimedica technology room 202 block 6th liuxian culture park xili town nanshan district shenzhen guangdong prove pr china,novel coronavirus 2019 nucleic acid detection  fluorescence method,1106
shenzhen yhlo biotech ,gline 2019 ag,311
shenzhen yhlo biotech ,iflash 2019 antigen,332
shenzhen yhlo biotech ,unicell 2019 ag,730
sherlock biosciences ,sherlock crispr ,666
shimadzu corporation,ampdirect 2019 detection ,40
shinjin medics ,diakey  ag rapid ,242
sidak life care pvt  haryana india,mp real time   rna,1421
sidak life care pvt  new delhi india,one step  igmigg antibody,1167
sidak lifecare pvt ,one step novel corona virus  antigen  ,470
sidak lifecare pvt  jhajjar hayana india,one step novel corona virus  antigentest ,1145
siemens health care diagnostics  511 benedict ave tarrytown ny 10591 usa,siemens atellica im total ,783
siemens healthcare diagnostics ,advia centaur antigen cov2ag,26
siemens healthcare diagnostics ,atellica im antigen cov2ag,61
siemens healthcare diagnostics  500 gbc drive mailstop 514 po box 6101 newark de 19714 usasiemens healthcare diagnostics 500 gbc drive mailstop 514 po box 6101 newark de 19714 usa,siemens dimensionexl  total antibody assaycv2t ,784
siemens healthcare diagnostics  511 benedict avenue tarrytown ny 10591 usa siemens healthcare diagnostics 333 coney street east walpole ma 02032 usa,advia centaur  iggscovg ,765
siemens healthcare diagnostics  511 benedict avenue tarrytown ny 10591 usa siemens healthcare diagnostics 333 coney street east walpole ma 02032 usa,atellica im igg scovg ,775
siemens healthcare private limited vadodara india,imdx multiplex en gene rtpcr assay,1422
siemens healthineers,clinitest rapid  antigen ,126
sml genetree ,ezplex g ,277
snibe  shenzhen new industries biomedical engineering ,maglumi ag clia,404
snp biotechnology rd ,coviwok   ,979
snp biotechnology rd  turkey wockhardt , real time  v1,1423
solgent  represented jk toxpert,diaplexq novel coronavirus 2019 detection ,243
sona nanotech,sona  lfa,683
spartan bioscience  canada,spartan  system  cartridge,684
speedx pty  australia,plexpcr  ,504
spring healthcare services ag,  antigen rapid  cassette swab,616
spring healthcare servicesag,spring healthcare  19 igmigg rapid ,902
sreechitratirunal institute for medical sciencestechnology kerala,chitra  cov2 multiplex ,1424
sri sathya sai institute of higher learning anantpur andhra pradesh india,saic 19 ag ,592
st petersburg research institute of vaccinessera fsue spbsrivs fmba,  tru eia,652
stellence pharmsciences pvt ,stellence  qpcr ,1425
strumed solutions pvt  chennai tamilnadu india,instaxplor  ag  rapid antigen ,1146
strumed solutions pvt  chennai tamilnadu india,instaxplor 19 ag  rapid antigen ,355
sudxbiotec corporation,sgnp ncovflu detection ,661
sugentech ,sgti flex  ag,663
sugentech ,sgti flex  igg,"664,665"
sugentech ,sgti flex flu ab ag duo,662
sugentech 72126 jeongjungyeonjero osongeup heungdeokgu cheongjusi chungcheongbukdo 28161 republic of korea,sgti flex  igmigg,1079
sun yatsen university da an gene company limited  no19 xiangshan road science park high new technology development district guangzhou guangdong pr china,detection  2019 novel coronavirus 2019 fluorescence,1054
sure biotech usa ,2019 antigen rapid  colloidal gold,7
sure biotech usa ,diagnostic  ag fluorescence immunochromatographic assay,240
surescreen diagnostics ,surescreen  antigen rapid  cassette,699
surescreen diagnostics ,surescreen  iggigm rapid ,901
suzhou saier immunobiotech  saier biotech,instantsure  ag card,354
suzhou symbio lifescience  china represented perkinelmer,perkinelmer real time assay,498
sysmex corporation,2019 fluorescence detection real time ,12
sysmex corporation,hiscl ag assay ,321
sysmex corporation,hiscl ag reagent ,322
t2 biosystems ,t2  panel,701
taidoc technology corporation,fora  antigen rapid ,284
taidoc technology corporation,vtrust  antigen rapid ,746
taidoc technology corporation taiwan,fora  antigen rapid ,1233
takara bio ,takara direct detection ,702
talis biomedical corporation,talis one  cartridge pack,703
tata medical  diagnostics  mumbai maharashtra india,tata md check omisure,1148
tata medicaldiagnostics ,tata md check 3 gene,1428
tata medicaldiagnostics ,tata md check fast,1429
tata medicaldiagnostics ,tata md check fast 3 gene,1430
tata medicaldiagnostics ,tata md check flex,1431
tata medicaldiagnostics ,tata md check xf,"1426,1427"
tauns laboratories ,immuno ace  capilia  ,335
tauns laboratories ,imunoace capilia  ,342
tbg biotechnology corp,exprobetm ing ,275
tbg biotechnology corp,tbg igg  igmrapid  ,714
tcm limited kerala,covi detect  2 real time detection ,1432
td diagnostics canada pvt  ,sienna  iggigm rapid  cassette,896
tecnobios srl,fast  antigen rapid colloidal gold,278
tellgen corporation,  nucleic acid detection  based on real time platform,638
theragen biologics private limited tamil nadu,gen  corona virus single tube multiplex detection ,1433
thermo fisher scientific ,taqpath  ,710
thermo fisher scientific ,taqpath  ce ivd ,704
thermo fisher scientific ,taqpath  combo  advanced,707
thermo fisher scientific  see also life technologies corporation,amplitude solution with taqpath  high throughput combo ,42
thermo fisher scientific  see also life technologies corporation,taqpath  combo ,706
thermo fisher scientific  see also life technologies corporation,taqpath  fast pcrcombo  20,708
thermo fisher scientific  see also life technologies corporation,taqpath  flua flub combo ,711
thermo fisher scientific  see also life technologies corporation,taqpath  pooling ,713
thermo fisher scientific  see also life technologies corporation,taqpath  rnase combo  20,709
thermo fisher scientific  see also life technologies corporation,taqpath new coronavirus real time pcrdetection ,712
thermo fisher scientific us invitrogen bioservices india pvt ,covipath  a50780,1434
tns  bio tns, pna ,214
tns co, pna ,956
tody laboratories int,coronavirus  influenza ab antigen combo nasopharyngeal specimen,135
tody laboratories int,coronavirus antigen nasopharyngeal specimen,137
tody laboratories int,coronavirus antigen oral fluid,136
tokyo boeki medisys,afias  ag  cartridge,29
tokyo boeki medisys ,afias  ag cartridge,28
tosoh bioscience,cl aia pack ag,120
tosoh corporation,cl aia pack ag,121
tosoh corporation,trcready  ,724
toyobo ,gene cube  ,301
toyobo ,gene cube hq  ,300
toyobo ,immunoarrow  ,336
toyobo ,immunoarrow antigen  ,337
transasia biomedical ,erbaqik  ag rapid ,1237
transasia biomedicals  mumbai maharashtra india,erbalisa  igg elisa,1194
transasia diagnostics solutions limited maharashtra,erbamdx  ,1435
transcience innovative technologies chennai,truescreen  multiplex real time detection ,1436
trivitron healthcare pvt ,biocard pro  antigen ,82
trivitron healthcare pvt ,sure direct multiplex with extraction free technology,1439
trivitron healthcare pvt ,sure multiplex realtime ,1437
trivitron healthcare pvt ,sure pro multiplex ,1438
trivitron healthcare pvt  mumbai maharashtra india, kavach anti human igg elisa ,1199
tulip mdiagnostics  verna,amplichain  ,1440
twist bioscience corporation,  ngs assay,637
ubio biotechnology systems private limited,sensit  rapid antigen  ,658
ubio biotechnology systems private limited,viragen molecular diagnostics  real  time ,1441
ubio biotechnology systems pvt  kochin kerala india,sensit rapid  ag ,1222
ustar biotechnologies hangzhou  china,diagnostic  novel  coronavirus 2019 rna isothermal amplification real time fluorescence assay,239
ustar biotechnologies hangzhou  china,easynat diagnostic  novel coronavirus 2019  rna isothermal amplification real time fluorescence assay,250
vanguard diagnostics delhiindia , igmigg antibodydetection card  ,1159
vazyme medical technology  floor 13 building c2 red maple park of technolngical industry kechuang road economy  technology development zone nanjing china,2019 novel coronavirus 2019 triplex qpcr detection ,1027
vela operations singapore  ,virokey ,739
vela operations singapore  ,virokey  v20,740
vida biotecnologia  me, ag fast,154
vida biotecnologia  me, ag se rapido,159
vida biotecnologia  me,vida fia  ag,738
vimek bioconcept pvt ,  fluorescent pcr,1442
vircell sl,vircell microbiologists direct real time ,954
visby medical,visby medical  point care ,741
vitane biologics pvt  telangana,covtect  qualitative ,1443
vitro sa spain dss imagetech private ,  ,1444
vitromed healthcare,vitromed 2019 ,1445
vitrosens biyoteknoloji  sti,rapidfor ag  ,564
vivacheck biotech hangzhou  china,vivadiag igmigg rapid ,744
vivacheck biotech hangzhou co,vivadiag ag rapid ,798
vivacheck biotech hangzhou co,vivadiag pro ag rapid ,799
vivachek biotech hangzhou ,immupass vivadiag ag rapid ,340
vivachek biotech hangzhou  china,verino neutralizing antibody fia  ,807
vivachek biotech hangzhou level 2 block 2 146 east chaofeng rd yuhang economy development zone hangzhou 311100 zhejiang china,vivadiag  igmigg rapid ,1111
voxtur bio  mumbai maharashtra india,voxel anti igg antibody detection kavach,1192
voxtur bio  surat gujarat india,coronavirus  iggigmrapid  ,1158
vyttra diagnosticos,smart ag,677
wallac oy,perkinelmer real time  assay,941
wallac oy finland,  qpcrreagent ,650
wama diagnostica,imuno rpido  ag,341
weiner lab,wl check ag,756
wells bio ,careus  antigen,110
wesail biotech ,wesail  antigen  ,754
willi fox gmbh,willi fox  antigen rapid ,755
won one medical ,wonmed  ag,757
wuhan easydiagnosis biomedicine  china,  igmiggantibody  ,633
wuhan easydiagnosis biomedicine  china,  nucleic acid  ,144
wuxi biohermes bio  medical technology ,biohermes antigen lateral flow assay,804
wuxi biohermes bio  medical technology ,biohermes neutralizing antibodies enzyme linked immunosorbent assay,803
xiamen amonmed biotechnology , antigen rapid colloidal gold,186
xiamen biotime biotechnology  china,biotime  iggigm rapid qualitative ,103
xiamen biotime biotechnology  china distributed oneill medical  horiba instrument orporated lifesaving global  the ruhof corporation marlans group us jemf pharma,biotime  iggigm rapid qualitative ,102
xiamen biotime biotechnology  china distributed telepoint medical services ,rebranded by telepoint medicalservices llc,571
xiamen boson biotech ,boson biotech rapid 2019 iggigm combo  card,840
xiamen boson biotech ,promeds diagnostics 2019 iggigm combo  card,846
xiamen boson biotech ,xiamen boson rapid 2019 iggigm combo  card,906
xiamen boson biotech  china,rapid antigen  card,"559,560,561,562"
xiamen wiz biotech , influenza ainfluenza antigen rapid ,654
xiamen wiz biotech co,wiz biotech antigen rapid ,801
xiamen zeesan biotech  china,  real  time pcr,651
xiamen zeesan biotech building 1 no 3701 xiangan north road torch hi  tech industrial development zone xiangan xiamen fujian 361101 china,  real time pcr,1057
xian tianlong sciencetechnology corporate limited,novel corona virus 2019 nucleic ac detection automatic nucleic acid extractor,934
xtrava health,spera  ag ,685
yaathum biotech private limited tamil nadu india,  qpcr multiplex ,1446
yashraj biotechnology limited,covigene  qualitative nucleic acid ,1447
yd diagnostics corp korea poct services private limited,molecutech real time  ,1448
yhlo iflash china,  igg clia,1190
youseq uk,19 enrdrp gene multiplex qpcr ,1449
yuvraj biobiz ubator india pvt ,ybio rapid ag  ,"760,1234"
z biotech ,anylab  ag  ,45
zalgen labs ,re  antigen elisa ,573
zalgen labs ,re  antigen rapid ,574
zalgen labs ,re pan corona antigen elisa ,575
zephyr biomedicals division of tulip diagnostics pvt ,igg covimmuno device,1178
zephyr biomedicals division of tulip diagnostics pvt ,rapid  detection igm and igg antibodies,1176
zephyr biomedicals tulip diagnostics goa india,covirat  rapid antigen  ,1147
zephyr biomedicalstulip group,covirat  rapid antigen  ,230
zhejiang anji saianfu biotech co,andlucky  antigen rapid  cassette,827
zhejiang anji saianfu biotech co,seinofy  antigen rapid  cassette,831
zhejiang anji saianfu biotech co,seinofy  iggigm rapid ,823
zhejiang kuaye biotechnology ,ky bio  ag ,858
zhejiang kuaye biotechnology ,ky bio  nab ,833
zhejiang orient gene biotech,coronavirus ag rapid ,138
zhejiang orient gene biotech,lambra coronavirus rapid antigen ,376
zhejiang orient gene biotech  china, iggigm rapid  cassette,203
zhongshan chuangyi biochemical engineering  china, iggigm rapid  ,205
zhuhai encode medical engineering ,encode antigen rapid  device,260
zhuhai lituo biotechnology , antigen detection  colloidal gold,165
zhuhai lituo biotechnology , antigen detection  immunofluorescence assay,166
zhuhai livzon diagnostic ,livzon rapid  antigen lateral flow,813
zhuhai livzon diagnostics ce ivd, igmigg antibodyrapid  ,1185
zhuhai sinochips bioscience , nucleic acid ,"207,208"
zybio ,  nucleic acid detection  fluorescent probe method,1032
zybio  floor 1 to floor 4 building 30 no6 of taikang road block of jianqiao industrial park dadukou district 400082 chongqing china,  antigen assay  colloidal gold,1067
zybio  floor 1 to floor 4 building 30 no6 of taikang road block of jianqiao industrial park dadukou district 400082 chongqing china,  antigen assay  colloidal gold method,1060
zybio  floor 1 to floor 4 building 30 no6 of taikang road block of jianqiao industrial park dadukou district chongqing china 400082,  antigen assay  colloidal gold method,1059
zybio  floor 1 to floor 5 building 30 no6 of taikang road block of jianqiao industrial park dadukou district 400082 chongqing peoples republic of china,molaccu  detection ,1021
zybio china biodx healthcare,zybio na detection ,1450
zybio floor 1 to floor 5 building 30 no6 of taikang road block of jianqiao industrial park dadukou district chongqing china,  nucleic acid detection  fluorescent probe method,1012
zybio floor 1 to floor 5 building 30 no6 of taikang road block of jianqiao industrial park dadukou district chongqing china 400082,  nucleic acid detection  fluorescent probe method,1014
zydus cadila healthcare  ahmedabad gujarat india, kavach igg elisa,1188
zymo research corp,quick rrt ,535
