,manufacturer_keywords,product_keywords,Unique Identifier 
0, art biotech,art ,1365
1,1drop ,1copy  qpcr multi ,971
2,1drop a203 keumkang penterium it tower 215 galmachiro jungwongu seongnamsi gyeonggido 13217 republic of korea,1copy  qpcr 4plex ,1026
3,1drop luminarie canada ,1copy  qpcr ,1
4,3b black bio biotech india  bhopal india,trupcr qpcr  32 single tube multiplex format,1248
5,3b blackbio biotech india  kilpest india  company,trupcr ,727
6,3d biomedicine science  technology ,3dmed 2019 qpcr,16
7,3d biomedicine science  technology co,andis and influenza ab  qpcr detection  and automated nucleic acids extraction system,958
8,3d biomedicine science  technology co,andis viral rna auto extraction and purification ,959
9,ab diagnopath manufacturing pvt ,innodetecttm cl  iso ,1249
10,ab diagnopath mfg pvt  delhi india,innodetect  ,1250
11,abbott diagnostics korea lnc65 borahagalro giheunggu yonginsi gyenoggido 17099 republic of korea,panbiotm ag rapid device nasopharyngeal,1040
12,"abbott diagnostics korea, abbott diagnostics korea","panbio ag rapid device, panbio ag rapid device nasal",835
13,abbott diagnostics scarborough ,binaxnow  ag 2 card,"71,1150,70"
14,abbott diagnostics scarborough ,binaxnow  ag card,72
15,abbott diagnostics scarborough ,binaxnow  ag card 2 home ,73
16,abbott diagnostics scarborough ,binaxnow  ag card home ,74
17,abbott diagnostics scarborough ,binaxnow  antigen self ,75
18,abbott diagnostics scarborough ,id now ,330
19,abbott diagnostics scarborough ,id now  and accessories,951
20,abbott diagnostics scarborough ,navica mobile app and binaxnow  ag card,430
21,abbott ireland diagnostics division finisklin business park sligo ireland,alinityi igg ,768
22,abbott ireland diagnostics division finisklin business park sligo ireland,alinityi igg ii quant ,767
23,abbott ireland diagnostics division finisklin business park sligo ireland,alinityi igm ,769
24,abbott ireland diagnostics division finisklin business park sligo ireland,architect igg ,771
25,abbott ireland diagnostics division finisklin business park sligo ireland,architect igg ii quant ,770
26,abbott ireland diagnostics division finisklin business park sligo ireland,architect igm ,772
27,"abbott laboratories, abbott laboratories, abbott rapid diagnostics division chicago alere medical pvt","panbio antigen self, panbio ag rapid device nasal, panbio antigen rapid device home nasal",488
28,"abbott laboratories, abbott rapid diagnostics division chicago","panbio ag rapid device nasopharyngeal, panbio antigen rapid nasopharyngeal",486
29,abbott molecular,abbott realtime ,"17,18"
30,abbott molecular,alinity   amp ,"32,33"
31,abbott molecular,alinity   amp  ,947
32,abbott molecular ,abbott realtime  assay    ,916
33,abbott molecular ,alinity resp 4 plex,975
34,abbott rapid diagnostics jena gmbh,panbio ag rapid device nasal,484
35,abbott rapid diagnostics jena gmbh orlaweg 1 07743 jena germany,panbio  iggigm rapid device fingerstickwhole bloodvenouswholebloodserumplasmaico t402,763
36,"abbott rapid diagnostics jena gmbh, abbott rapid diagnosticsjena gmbh orlaweg 1 07743 jena germany","panbio ag rapid device nasopharyngeal, panbio agrapid device nasopharyngeal",485
37,abi applied biosystems usa,taqman 2019 control  v1,1251
38,abon biopharm hangzhou ,panbio iggigm rapid  device fingerstick whole bloodvenous whole bloodserumplasma,843
39,abwiz bio,rabwiz ultra sensitive coiv 19 viral antigen elisa,544
40,accelerate technologies   dxd hub,resolute 20 detection ,580
41,accelerate technologies  dxd hub singapore,astar fortitude  20,1252
42,access bio ,atomo  antigen ,62
43,access bio ,carestart  antigen,108
44,access bio ,carestart  antigen home ,109
45,accubiotech ,accu tell iggigm cassettewholebloodserumplasma,905
46,accurex biomedical pvt  palghar maharashtra,accurex assay,1253
47,accurex biomedical pvt  palghar maharashtra,novel coronavirus 2019 nucleic acid detection  fluorescence method,1254
48,achira labs pvt ,genepath dx coviquick v20,1256
49,achira labs pvt ,genepath dx covispeedy,1255
50,achira labs pvt  bengaluru karnataka,gene path dx covi delta qpcr  me 2,1257
51,acon biotech hangzhou ,  antigen fia,610
52,acon biotech hangzhou ,flowflex antigen rapid ,282
53,acon biotech hangzhou ,promotor   ,805
54,acon biotech hangzhou no210 zhenzhong road west lake district hangzhou pr china,acon iggigm rapid ,1094
55,acon laboratories ,acon iggigmrapid ,21
56,acon laboratories  5850 oberlin drive 340 san diego ca 92121 usa,flowflex antigen rapid ,1038
57,acrannolife genomics pvt ,coviqwik lamp ,1258
58,acro biotech , antigen rapid  oral fluid,175
59,acro biotech , rapid antigen  family acro,210
60,acro biotech ,acro  antigen rapid  nasopharyngeal swab,836
61,acro biotech ,acro 2019 iggigm rapid  cassette whole bloodserumplasma,838
62,acro biotech ,juschek  and influenza ab antigen combo rapid  cassette,860
63,acro biotech ,juschek  antigen rapid  nasopharyngeal swab,828
64,acro biotech ,juschek 2019 novel coronavirus iggigm rapid  cassette,855
65,acumen research laboratories   singapore ,acucorona 20 bio rad cfx96 touch real time detection system,945
66,adaltis srl italy pug capital private limited,molgen realtime ,1259
67,adt biotech sdn bhd adt india private limited,lytestar 2019  20,1260
68,adt india  new delhi india,lytestar 2019  10,1261
69,adtec corporationlsi medicine corporation,prorast ag adtest  ,513
70,advagen biotech  brazil,  ag lf,602
71,advaite,rap rapid ,547
72,advanced biological laboratories abl sa,ultra gene combo2screen  cov2 assay,940
73,advanced molecular diagnostics amd uk diagnostic biosystems,zena max direct qpcr detection ,1262
74,advena limited,genedrive 96 ,949
75,advy chemical pvt ,ezdx  rapid ag ,276
76,advy chemical pvt  thane maharashtra india,ezdx  rapid ag ,1226
77,advy chemicals pvt ,ezdxtm  iggigm rapid antibody ,1180
78,aehealth limited,aehealth 19 antigen quantitative  immunofluorescence assay,834
79,aehealth limited,aehealth 19 neutralization antibody quantitative fluorescence immunochromatographic assay,842
80,aehealth limited,id lab 19 neutralization antibody quantitative fia,847
81,aesku diagnostics gmbh  kg mikroforum ring 2 d55234 wendelsheim germany,aeskulisa  np iggkitcodes 6122,766
82,affigenix biosolutions pvt ,holborn wells detect multiplex ivd qpcr  ,1263
83,affigenix biosolutions pvt ,rt qpcr  ,1264
84,affigenixbiosolutions pvt  bangalore india,affigenix act 1 3 genes multiplex ,1265
85,affigenixbiosolutionspvt  bangalore,affigenix  act ,1266
86,agappe diagnostic pvt kerala,ag  nantigen rapid diagnostickit,1119
87,agappe diagnostics,ag  antigen rapid diagnostic ,31
88,agappe diagnostics  kerala,direct  lamp  ,1267
89,agappe diagnostics  kerala india,agappe real time  lamp  ing ,1268
90,agena bioscience ,massarray  panel,"407,408,409"
91,agilent technologies ,agilent qrt dx ,999
92,ait biotech  ,abtes  qpcr ,935
93,aitbiotech   singapore hiddenite beverages private limited,abtes  qpcr  v11,1269
94,aitbiotech   singapore hiddenite beverages private limited,abtestm  qpcr ,1270
95,aivd biotech ,  antigen detection rapid lateral flow  colloidal gold based,607
96,aivd biotech ,  antigen detection rapid lateral flow  latex bead based lateral flow,608
97,ajay biotech india ,pathofind  realtime ,1271
98,alamar tecno cientifica a,antigen quick ,43
99,alchem diagnostics coimbatore, one step multiplex ,1272
100,alcotech  ,fastep  antigen rapid  device nasopharyngeal oropharyngeal swab,279
101,alfa scientific designs ,instant view plus  antigen ,353
102,alfresa pharma corporation,arsonic  ag,54
103,alpine biomedicals ambalaharyana india ,one step corona virus igmigg antibody  ,1163
104,alpine biomedicals pvt  ambala haryana india,alpine  antigen rapid  ,"37,1223"
105,alpine biomedicals pvt  ambala haryana india,alpine anti igg elisa ,1204
106,altona diagnostics germany,realstar  10,1273
107,altona diagnostics gmbh,realstar us,570
108,ameda labordiagnostik gmbh,amp rapid  ag,39
109,amedica sa,amela  antigen ,38
110,ammagen tamil nadu,ammagen ,1274
111,amonmed biotechnology ,influenza virusinfluenza virus rare earth nano fluorescence immunochromatography,222
112,amoy diagnostics,amoydx novel coronavirus 2019 detection ,977
113,amt   singapore,resolute 20,579
114,angstrom biotech pvt ,antigen  ,44
115,angstrom biotech pvt  alwar rajasthan india,angcard  rapid antigen  ,1220
116,angstrom biotech pvt  rajasthan,angpcr 2019 ncov,1275
117,angstrom biotechpvt ,angcardhome  ,1112
118,anhui deepblue medical technology , antigen colloidal gold  saliva,148
119,anhui deepblue medical technology , antigen colloidal gold  saliva self ,149
120,anhui deepblue medical technology , antigen colloidal gold nasal swab self ,147
121,anhui deepblue medical technology , antigen colloidal gold np,146
122,anhui formaster biosci ,fm new coronavirus  antigen rapid ,829
123,anomalous materials  ,severe acute respiratory syndrome coronavirus 2 antigen detection  colloidal gold based,660
124,anp technologies ,nids  antigen rapid  ,439
125,apollo biomedical ,new type coronavirus  influenza virus  influenza virus detection ,437
126,apollo biomedical ,novel coronavirus antigen detection  nasal swabsputum sample,460
127,apollo biomedical ,novel coronavirus antigen detection nasal swab,458
128,apollo biomedical ,novel coronavirus antigen detection sputum sample,459
129,applied biocode ,biocode assay,84
130,applied dna sciences,linea  real time assay  assay ,"380,381,382"
131,arcdia international ,maripoc  ,405
132,arista biotech,arista  antigen rapid ,52
133,arista biotech   singapore,arista  antigenrapid ,53
134,arkray factory ,identity pack  ,331
135,arkray industry lot 22 phase 1a first philippine industrial park brgy sta anastacia sto tomas batangas,  detection primer probe set reagent densy pack universal detection system,1011
136,arkray industry lot 22 phase 1a first philippine industrial park brgy sta anastacia sto tomas batangas,i densy pack universal reagent densy pack universal detection system,1010
137,artron bioresearch artron laboratories ,artron  antigen  ,56
138,artron laboratories ,star diagnostic plus  iggigm cassette  whole bloodserumplasma,839
139,artron laboratories  canada,artron  antigen ,55
140,asan pharmaceutical ,asan easy ag,57
141,aspen laboratories pvt  hyderabad telangana india,aspen igg elisa ,1197
142,aspen laboratories pvt  new delhi deep meditech pvt ,aspen nucelic acid detection fluorescent probe method,1276
143,assure tech hangzhou ,assure  iggigm rapid  device,58
144,assure tech hangzhou ,assure  iggigm rapid  device rebranded as ecotest  iggigm rapid  device,59
145,assure tech hangzhou ,assure  iggigm rapid  device rebranded as fastep  iggigm rapid  device,60
146,assure tech hangzhou ,ecotest iggigm rapid  device whole bloodserumplasma,791
147,assure tech hangzhou  china, antigen rapid  device,184
148,assure tech hangzhou  china,ecotest  antigen nasal  ,253
149,assure tech hangzhou  china,ecotest  antigen saliva  ,254
150,assure tech hangzou ,ecotest  neutralizing antibody fia whole bloodserumplasma,850
151,athenese dx,trustline  ag rapid ,728
152,athenesedx private limited chennai,trustline  agrapid ,1120
153,athenesedx private limited chennai tamilnadu india,trustline  ab rapid ,1174
154,athenesedx private limited tamil nadu,aridia  real time detection ,1277
155,atila biosystems ,iamp  detection ,328
156,atila biosystmes  ,iamp  detection ,925
157,atlaslink beijing technology ,nova  antigen rapid colloidal gold immunochromatography,443
158,atlaslink beijing technology  china,nova  iggigm antibody  colloidal gold,444
159,atomo diagnostics limited,atomorapid igmigg antibody ,63
160,augurix sa,simtomax coronacheck antigen,673
161,aura biotechnologies private limited chennai, 19 auras coronavirus  real time detection ,1278
162,avacta life sciences ,affidx lateral flow antigen ,27
163,aviencebiomedicals pvt  delhi,avien covi quick  hid rtqpcr assay,1279
164,aviencebiomedicals pvt  delhi,avienbio  assay,1280
165,axisshield diagnostics  scotland,panbio igg elisa,1213
166,axiva sichem biotech sonipat,one step  ,1281
167,bag diagnostics germany shiva scientific company new delhi,viroq e gene  rdrp,1282
168,bbb ,mark  antigen ,406
169,bbb  distributed celltrion usa ,sampinute  antigen mia,594
170,beckman coulter  ireland,beckman coulter immunoglobulin igg antibody ivd  chemi  luminescent immunoassay,910
171,beckman coulter 250 kraemer boulevard brea ca 92821 usa,access igg,"1084,1085"
172,beckman coulter 250 kraemer boulevard brea ca 92821 usa,access igm,"1083,1086"
173,becton dickinson  company bd,bd veritor at home  ,67
174,becton dickinson  company bd,bd veritor system rapid detection  flu ab,69
175,becton dickinsoncompany,bd  rapid detection  ,65
176,becton dickinsoncompany,bd reagents,66
177,becton dickinsoncompany,bd veritor system rapid detection  ,68
178,becton dickinsoncompany  7 loveton circle sparks maryland 21152 usa,bd  flu bd max syste,1073
179,beijing abace biology , viral antigen colloidal gold immunochromatography,218
180,beijing abace biology , viral antigen elisa,219
181,beijing applied biological technologies ,multiple real time  detection 2019 ncov,1151
182,beijing applied biological technologies  xabt,multiple real time  detection 2019 ncov,422
183,beijing applied biological technologies room a204 no 29 shengmingyuan road science park changping district 102206 beijing china,multiple real time  detection 2019 ncov,1066
184,beijing core technology , ag ,160
185,beijing core technology , saliva ag ,215
186,beijing diagreat biotechnologies ,2019 antigen rapid colloidal gold assay,9
187,beijing hotgen biotech co9 building no9 tianfu street daxing district beijing 102600 pr china,novel coronavirus 2019 antigen  colloidal gold,1101
188,beijing jinwofu bioengineering technology co,novel coronavirus antigen rapid  ,455
189,beijing kewei clinical diagnostic reagent ,kewei  antigen rapid colloidal gold,371
190,beijing kewei clinical diagnostic reagent ,kewei  antigen rapid fluorescence,372
191,beijing lepu medical technology ,2019 antigen rapid colloidal gold immunochromatography,10
192,beijing lepu medical technology ,reiged diagnostics nucleic acid fluorescence probe method,814
193,beijing nagene diagnosis reagent ,multiple real time  detection 2019 ncov,1152
194,beijing north institute of biotecnology co,bnibt  antigen repid ,837
195,beijing savant biotechnology ,new coronavirus n protein detection  fluorescence immunochromatography,436
196,beijing tigsun diagnostics ,tigsun  antigen rapid  fia,719
197,beijing tigsun diagnostics ,tigsun  antigen saliva rapid ,720
198,beijing tigsun diagnostics ,tigsun flu ab  ag combo ,721
199,beijing tigsun diagnostics ,tigsun flu ab rsv  ag combo ,722
200,beijing wantai biological pharmacy enterprise ,wantai ,753
201,beijing wantai biological pharmacy enterprise ,wantai ag elisa,749
202,beijing wantai biological pharmacy enterprise ,wantai antigen rapid  colloidal gold,"751,1153"
203,beijing wantai biological pharmacy enterprise ,wantai antigen rapid  fia,752
204,beijing wantai biological pharmacy enterprise  china,wantai ab rapid  ,"747,748"
205,beijing wantai biologicalpharmacy enterprise  china,wantai ag rapid  colloidal gold,750
206,beijing zhangjian antai diagnostic technology china aura medical devices pvt ,corona virus  rapid ,1175
207,bgi biotechnology wuhan building b2 b1 zone bcd wuhan national bio industry base no666 gaoxin avenue east lake hightech development zone wuhan hubei 430075 china,real time fluorescent  detecting 2019 ncov,1056
208,bgi europe as,real time fluorescent detecting 2019 ncov,567
209,bgi europe as distributed bgi health au company pty ,real time fluorescent detecting  2 gene,569
210,bgi genomics ,real time fluorescent detecting 2019 ncov,568
211,bgi health hk  shenzhen huada gene technology ,new coronavirus 2019 antigentesting  fluorescent immunoanalysis,435
212,bhat biotech india pvt ,geneasy  ,1283
213,billiontoone ,qsanger  assay,516
214,bio lab diagnostics pvt ,rapid  ag ,549
215,biocan diagnostics ,tell me fast 19 antigen ,715
216,biocan diagnostics ,tell me fast novel coronavirus  iggigm antibodytest,716
217,biocore ,biocore 2019 real time ,"85,86"
218,bioeksen rd technologies ,bio speedy direct qpcr  ,"77,78"
219,bioeksen rd technologies  distributed bioexsen gmbh,bio speedy direct qpcr  rebranded bioexsen pcr,80
220,bioer technology ,  nucleic acid detection fluorescence pcr,933
221,biofire defense ,biofire  ,"919,92,93"
222,biofire diagnostic  515 colorow drive salt lake city utah 84108 usa,biofire respiratory panel 21 rp21,1046
223,biofire diagnostics ,biofire respiratory panel 21 rp21,91
224,biofire diagnostics  ,biofire respiratory panel,920
225,biofootprints healthcare pvt ,mytest  ag ,"423,1121"
226,biogenex hyderabad, triplex direct detection ,1284
227,biogenix  pvt  lucknow,biogenix  one step pcr,1285
228,biogenomics limited thane india,bio  id qualitative detection  version 2,1286
229,biogenomics limited thane india,bio id ern corona virus single tube multiplex detection ,1287
230,biogx,biogx hmp n1 n2  rnase multiplex,964
231,biogx ,biogx xfree  direct pcr,94
232,biogx al usa,xfreetm  direct pcrextraction free multi platform detection  pre extracted rna,992
233,biohit healthcare hefei ,  antigen assay  colloidal gold method,606
234,biohit healthcare hefei ,  antigen rapid fluorescence immunochromatography,621
235,biohit healthcare hefei ,  igmiggantibody  ,632
236,biohit healthcare hefei ,hough  home ,323
237,biohit healthcare hefei  china,  antigen rapid  colloidal gold method,614
238,biohit healthcare hefei building d9 innovation park no800 west wangjiang road hightech zones hefei anhui prove pr china,biohit igm igg antibody  ,1039
239,biolab diagnostics india pvt  mumbai maharashtra india,rapid  ag ,1122
240,biolidics ,clearepi antigen rapid ,125
241,biolytical laboratories  canada,insti  antibody ,356
242,biomedomics ceivd china,biomedomics  igm iggrapid  ,1186
243,biomeme ,biomeme  s,995
244,biomeme ,biomeme go  strips,95
245,biomeme ,biomeme real  time pcr,96
246,biomerieux sa 376 chemin de orme 69280 marcy etoile francebiomerieux sa 138 rue louis pasteur parc technologique delta sud 09340 verniolle france,argene  genereal timeamplification anddetection ,774
247,biomerieux sa376 chemin de iorme 69280 marcy ietoile francebiomerieux sa 138 rue louis pasteur parc technologique delta sud 09340 verniollefrance,argene  respir gene real time detectionkitcode 423732,773
248,biomerieux sa376 chemin de lorme 69280 marcy letoilefrance,vidas  igg 9cogcode423834,785
249,biomerieux sa376 chemin de lorme 69280 marcy letoilefrance,vidas  igm 9com,786
250,biomrieux sa,  gene,639
251,biomrieux sa,argene r  gene,49
252,bioneer corporation south korea effibar india private limited,accupower real time ,1288
253,bioneer corporation south korea wevio global private limited,accupower multiplex real time ,1289
254,bioneer corporation south korea wevio global private limited,accupower real time ,1290
255,bioneer corporation811 munpyeongseoro daedeokgu daejeon 34302 republic of korea,accupower multiplexreal time size 100 scode scvm 2112,764
256,bionote,nowcheck  igg igm,900
257,bionote ,nowcheck  ag ,462
258,bionote ,nowcheck  antigen ,463
259,bionote 22 samsung 1ro4gil hwaseongsi gyeonggido 18449 republic of korea,nowcheck  antigen ,1051
260,biorad 3 boulevard raymond poare 92430 marneslaconquette france,platelia total abassay,782
261,biorad laboratories ,2019 cdc ddpcr triplex probe assay,948
262,biorad laboratories ,bio rad ddpcr ,76
263,biorad laboratories ,bio rad reliance assay ,989
264,biorad laboratories  4000 alfred nobel drive 94547 hercules california usa,reliance flu flu ,1034
265,biosci healthcare bhopal madhya pradesh india,biosci true detect  ag rapid  ,1246
266,biosci healthcare madhya pradesh,biosci true detect  real time ,1291
267,bioscience tianjin diagnostic technology ,bioscience tianjin novel coronavirus 2019 antigen rapid ,97
268,biosewoom,real 2019 detection ,566
269,biospeedia sas,19speed antigen,226
270,biosynex swiss sa,biosynex  ag,100
271,biosynex swiss sa,biosynex  ag bss,99
272,biosystems diagnostics private limited,concepta qpcr ,1292
273,biosystems diagnostics private limited,coviplus qpcr ,1293
274,biosystems diagnostics pvt ,concepta  multiplex ,1294
275,bioteke corporation wuxi ,bioteke antigen colloidal gold method,802
276,bioteke corporation wuxl 4th floor d52nd floor d3  1st2nd floor d16 no1719 huishan avenue wuxi jiangsu china,  nucleic acid ivd  nucleic acid technique nat,1024
277,biotical health,biotical ag card ,101
278,biotns, pna ,213
279,biozek medical,biozek  antigen rapid ,104
280,biozentech ,bz  ag ,106
281,blue cross biomedical beijing , antigen ,187
282,bmt diagnostics rafael diagnosticisrael ,bmt  iggigm rapidtest  ,1166
283,boditech med ,afias  viral antigen automated,30
284,boditech med ,ichroma  viral antigen manual,329
285,boditech med orporated 43 geodudanji 1gil dongnaemyeon  chuncheonsi gangwondo 24398 republic of korea,ichroma  ag,1052
286,boditech med orporated 43 geodudanji 1gil dongnaemyeon  chuncheonsi gangwondo 24398 republic of korea,ichroma  ag ,1049
287,boditech med orporated43 geodudanji 1gil dongnaemyeon  chuncheonsi gangwondo 24398 republic of korea,ichroma  ab,1081
288,bogar bio bee stores pvt ,bio bee 19 detection ,1295
289,btnx ,rapid response  antigen rapid  device,552
290,btnx ,rapid response antigen rapid  device,"554,555,556,557"
291,btnx ,surescreen diagnostics 19 antigen rapid  cassette,700
292,btnx  canada, iggigm rapid ,198
293,btnx  canada,rapid response  iggigm rapid  device,553
294,cadila healthcare,cadila  antigen rapid ,107
295,calbiotech  usa,erbalisa  igg elisa,1214
296,calth ,allcheck 19 ag,34
297,camtech diagnostics  , viral antigen  ,217
298,cancer rop  anjanajyoti systems private limited,q sens 2019 detection ,1296
299,canon medical sciences corporation, coronavirus antigen  rapiim n prt c2n01a,596
300,canon medical systems corporation, coronavirus antigen  rapiim n prt  c2n01a,595
301,capebio technologies pty ,capebio qpcr multiplex  1000 reactions,991
302,capebio technologies pty ,capebio qpcr singleplex  1000 reactions,990
303,celer biotecnologia,celer  ag ,111
304,cellex ,cellex  antigen rapid ,114
305,cellex  united states of america,q  iggigm rapid ,"517,518,519"
306,cellspect co,quampas  antigen  ,520
307,celltrion,celltrion diatrust  ag rapid ,116
308,cepheid,xpert xpress  ,"759,922"
309,cepheid 904 caribbean drive sunnyvale ca 94089 usacepheid ab rontgenvagen 5 se171 54 solna sweden,xpert xpress  real time xpr cov2 10,789
310,cepheid hq ,xpert xpress  flursv,966
311,cepheid united states,xpert xpress  ,1297
312,cepheid united states cepheid india private limited,xpert xpress  ,1298
313,certest biotec sl,certest  ,118
314,certest biotec sl  abacus dx,viasure realtime detection ,736
315,certest biotec sl  becton dickensen,viasure s genereal time detection ,737
316,chaozhou hybribio biochemistry , real time ,211
317,chaozhou hybribio biochemistry d5334 high new area economic development experimental zone 521000 chaozhou guangdong china, real time ,1095
318,chembio diagnostic system ,ol  ag,467
319,chembio diagnostic system oswaldo cruz foundation,dpp antigen system,246
320,chembio diagnostic systems ,chembio dpp antigen ,1007
321,chembio diagnostic systems ,chembio dpp igmigg rapid lateral flow assay,913
322,chemgenes corporation usa chemgenes india pvt ,chemgenes iq 4 multiplex ,1299
323,chromacode ,hdpcr assay,318
324,clear labs ,clear dx ,124
325,clinomics usa ,clinomics triodx  ,127
326,codiagnostics ,logix smart coronavirus disease 2019  ki,932
327,codiagnostics ,logix smart coronavirusdisease 2019  ,383
328,confirm biosciences,verasure  antigen rapid swab ,732
329,core technology  ,istoc  iggigm rapid  cassette,897
330,coris bioconcept, ag respi strip,157
331,cosara diagnosticspvt limited ahmedabad india,saragene  v2 real time  ,1300
332,cosara diagnosticspvt limited ahmedabad india,saragenetm corona virus 2019 ncv  ,1301
333,coyote bioscience  china,directdetect  detection ,245
334,creative biolabs,  2019 nucleoprotein protein elisa ,597
335,ctk biotech ,answer  ag rapid ,830
336,ctk biotech ,answer  iggigm rapid ,856
337,ctk biotech ,aria  ag rapid ,825
338,ctk biotech ,onsite  ag point care aria  ag rapid ,473
339,ctk biotech ,onsite  ag rapid ,"471,790"
340,ctk biotech ,onsite  iggigm rapid ,851
341,ctk biotech  united states of america,aridia  real time ,50
342,ctk biotech  usa,onsite  iggigm rapid  aria  iggigm rapid ,472
343,ctk biotech 13855 stowe dr poway california usa,aria  iggigm rapid ,1104
344,cue health ,cue  ,233
345,da an gene  of sun yatsen university,detection  2019 novel coronavirus 2019 rna  fluorescence probing,"235,236,237"
346,daan gene  china,daan gene co ltd,1302
347,daan gene  of sunyatsen university guangzhou hitech industry development zone no 19 xiang shan rd guangzhou china,detection  2019 fluorescence,1109
348,delphi bioscience asia  ,pocroc antigen rapid  ,505
349,denka ,quicknavi 19 ag,537
350,denka ,quicknavi flu19 ag,538
351,denka seiken ,quicknavi  flu19 ag,536
352,detect ,detect  ,234
353,detectachem ,mobiledetect bio bcc19  ,420
354,dia sure immuno diagnostics llpdelhi india,dsi  ag rapid  ,1123
355,dia sure immunodiagnostic llp,dsi ag rapid ,248
356,diabetomics ,covab ab ,141
357,diacarta ,quantivirus  ,"524,525,526"
358,diacarta ,quantivirus mulitplex  ,"521,522,523"
359,diagnocure india,xamin  ag rapid  human nasal swab,758
360,diagnocure india solan hp,xamin  ag rapid  device,1124
361,diagnocure solan hp india,xamin  rapid device ,"1168,1183"
362,diagnostic enterprises parwanoo himachal pradesh india, antigen  card,189
363,dialab gmbh,diaquick  ag ,244
364,diapro diagnostic bioprobes srl,sara instrument,821
365,diapro diagnostic bioprobes srl italy, igg elisa,1200
366,diapro diagnostic bioprobes srlvia carducci 27  sesto san giovanni mi  italy, igg,1075
367,diapro diagnostic bioprobes srlvia carducci 27  sesto san giovanni mi  italy, igm,1076
368,diasolex solutions llp karnataka india,dx  ,1303
369,diasorin,liaison ag,379
370,diasorin molecular,simplexa  direct,672
371,diasorin spa,liaison ag,378
372,diasorin spa via crescentino snc 13040 saluggia vc italy,liaison  igm ,779
373,diasorin spa via crescentino snc 13040 saluggia vc italy,liaison  s1s2 igg ,780
374,dna diagnostic, antigen detection ,164
375,dna technology research  production  russia 365 medical india, multiplex rteal time detection ,1304
376,dna xpertpvt  noida india,xperto 19 fast ,1305
377,dna xpertpvt  noida india,xperts o19 multiplex ,1306
378,dxgen corp,epithod  ag  ,261
379,dxgen corp,epithod qag  ,262
380,dynamiker biotechnology tianjin ,dynamiker ag rapid ,249
381,dynamiker biotechnology tianjin  no 14 building ecobusiness park 2018 zhongtian avenue sinosingapore tianjin eco city 300467 tianjin china,2019 iggigm rapid ,1100
382,e25bio, dart,195
383,eco diagnostica,flu ab ag combo eco e,225
384,edge pharma pvt  mumbai maharashtra india,edge xpress  ag  ,1247
385,edge pharma pvt  mumbai maharashtra india,edgexpress  ab detection iggigm,1179
386,edinburgh genetics limited,edinburgh genetics activxpress  antigen complete ing ,255
387,edinburgh genetics uk biopanda reagents uk,edinburgh genetics  colloidal gold immunoassay ing  igg  igm combined,1172
388,eiken chemical ,loopamp new coronavirus 2019 detection reagent ,385
389,elitechgroup spa,  elite mgb  ,981
390,elitechgroup spacorso svizzera 185 torino10149 italy,  elite mgb ,1019
391,ellume ,ellume  home ,258
392,emmo pharma,encode  rapid ,259
393,empowered diagnostics  united states of america,covclear  antigen ,142
394,enzo life sciences ,ampiprobe  assay ,41
395,equine biotech karnataka ebt pvt ,global  ,1307
396,erba mannheim group  transasia biomedical,erbaqik  ag rapid ,264
397,euroimmun ag,  antigen elisa,609
398,euroimmun medizinische labordiagnostika ag germany,eurorealtime  ,267
399,euroimmun medizinische labordiagnostika ag germany,eurorealtime 3,268
400,euroimmun medizinische labordiagnostika ag germany,eurorealtime 4,269
401,euroimmun medizinische labordiagnostika ag germany,eurorealtime 5,270
402,euroimmun medizinische labordiagnostika ag germany,eurorealtime 6,271
403,euroimmun medizinische labordiagnostika ag germany,eurorealtime 7,272
404,euroimmun uk cpc diagnostics pvt ,euro real time  ,1308
405,euroimmun us  usa,euroimmun anti  igg elisa,1189
406,excalibur health services,excalibur rapid antigen  card,273
407,fast track diagnostics luxembourg srl,fast track diagnostics ,957
408,fast track diagnostics luxembourg srl  29 rue henri koch l4354 eschsuralzette luxembourg,ftd  ,1016
409,fast track diagnostics luxembourg srl siemens healthineers company,ftd  ,"289,290"
410,fast track diagnostics luxembourg srl siemens healthineers company,ftd 3,291
411,floor 1 to floor 5 building 30 no6 of taikang road block of jianqiao industrial park dadukou district 400082 chongqing peoples republic of china,molaccu  detection ,1020
412,fluidigm corporation,advanta dx  assay,25
413,foracare suisse ag, antigen rapid ,171
414,fortress diagnostics ,coronavirus antigen rapid ,139
415,fujifilm corporation,acura seed antigen,23
416,fujifilm corporation,fuji dry chem immuno ag handy  ag,293
417,fujifilm corporation,fujifilm  ag ,294
418,fujifilm wako pure chemical corporation,accuraseed  ag,20
419,fujifilm wako pure chemical corporation,taswako  ,761
420,fujirebio ,espline  ,265
421,fujirebio ,espline  flu ab,266
422,fujirebio ,lumipulse   ag,388
423,fujirebio ,lumipulse ag,390
424,fujirebio ,lumipulse presto ag,389
425,ga generic assays gmbh,ga cov2 igg elisa,"1210,1211"
426,gadia diagnostics sa,ia antigen,227
427,gcc biotech india private limited,diagsure 19 detection assay taqman based,1309
428,gcc biotech india private limited,diagsuren 19 detection assay multiplex taqman,1310
429,genbio pharmaceutical , antigen lateral flow assay,168
430,genbody ,genbody fia  ag,298
431,genbody ,genbody influenza ag multi,299
432,genbody  korea  republic of,genbody  ag,297
433,genbody  south korea,genbody  ag rapid poct,1221
434,gencurix ,genepro ,307
435,gencurix 402 908 910 digitalroad 242 gorugo seoul 08394 republic of korea,genepro ,1013
436,gene path diagnostics pune india,genepathx one qpcr v211,1311
437,gene proof czech republic,gene proof ,1312
438,gene proof czech republic,gene proof screening ,1313
439,genedrive diagnostics,genedrive 96  genedrive  bio plate genedrive  fast plate genedrive  low profile,997
440,genedrive diagnostics limited uk,96 ,1314
441,genematrix,neoplex detection  ,968
442,genematrix ,neoplex  detection ,433
443,geneohm sciences canada  ta bd diagnostics,bd reagents  bd max system ,918
444,general biologicals corp,gb real time  pcr,296
445,general biologicals corporation taiwan,gb real time  orf1ab gene  ic,1315
446,genereach biotechnology corporation taiwan padmanabha labs pvt ,iq real qualitative system,1316
447,genes 2 me private limited,genes2me  flu one step ,1317
448,genes 2 me private limited,genes2me direct multiplex real time  ,1318
449,genes 2 me private limited,tect multiplex   ,1319
450,genes 2 me private limited,viraldtect ii multiplex real time ,1320
451,genes 2 me private limited,viraldtect multiplex real time ,1321
452,genes2me pvt  gurugram haryana,rapi rapid ag  ,548
453,genes2me pvt  gurugram haryanaindia,rapi rapid ag  ,1126
454,genesprint group ,  antigen rapid colloidal gold,620
455,genestore france,detection expert 1s  one step rrt ,1325
456,genestore india private limited gurgaon,detection direct 2 gene rrt detection assay genestore france,1322
457,genestore india private limited gurgaon,detection expert  2 rrt detection assay,1323
458,genestore india private limited gurgaon,detection expert  rrt detection assay genestore france,1324
459,genesystem  south korea genetix biotech asia pvt ,smartchek novel coronavirus detection ,1326
460,genetic signatures  australia,easyscreen  detection ,251
461,genetix biotech asia pvt  new delhi,covi quick  real time ,1328
462,genetix biotech asia pvt  new delhi,covinat novel coronavirus detection ,1327
463,genetix biotech asia pvt  new delhi,covisure  real time ,1331
464,genetix biotech asia pvt  new delhi,covisure lyo mix 19 real time ,1329
465,genetix biotech asia pvt  new delhi,covisure media direct extraction  real time ,1332
466,genetix biotech asia pvt  new delhi,covisure media direct extraction  real time  100 s,1333
467,genetix biotech asia pvt  new delhi,covisure version 20 19 real time ,1330
468,genetron health beijing ,genetron rna ,"308,309"
469,genmark diagnostics ,eplex ,263
470,genome diagnostics pvt  new delhi india,genosensn019 real time ,1334
471,genores biotech pvt  maharashtra india,genocov,1335
472,genosensor ,gs  ,315
473,genrui biotech ,  and fluaflub antigen  ,603
474,genrui biotech ,  antigen colloidal gold,625
475,genrui biotech ,  nasalsaliva antigen colloidal gold,636
476,genrui biotech ,eaglecare crea reagent  sarcosinase oxidase method,816
477,genrui biotech ,genrui crea reagent  sarcosine oxidase method,822
478,genspeed biotech, ag xpoc,161
479,gensure biotech ,fluab antigen combo rapid  p2007,220
480,gensure biotech ,gensure  antigen rapid  ref p2004,310
481,genuine biosystem pvt  chennai tamilnadu india,gblisa  s1 rbd igg elisa  ,1203
482,getein biotech ,gp one step  antigencolloidal gold,817
483,getein biotech no 9 bofu road luhe district nanjing china,one step  antigen  colloidal gold selt  ,1110
484,gland pharma  hyderabad,rt  ,1336
485,gnomegen , digital pcrdetection ,212
486,gold analyses diagnostica, ag oral rapid ,155
487,gold analyses diagnostica, ag rapid ,156
488,goldsite diagnostics ,  antigen  colloidal gold,611
489,green cross medical science corp,genedia  ag,304
490,green cross medical science corp,genedia quantum  ag,303
491,grifols diagnostic solutions ,procleix assay,508
492,guangdong ardent biomed  hong kong biotime healthcare private limited,novel coronavirus  nucleic acid detection  fluorescent probe,1337
493,guangdong hecin scientific ,hecin 2019 antigen colloidal gold method,826
494,guangdong hecin scientific ,hecin 2019 nucleic acid  fluorescence probe method,841
495,guangdong huayin medicine science ,huaruain biology detection  ,944
496,guangdong longsee,2019 ag rapid detection ,2
497,guangzhou decheng biotechnology ,the chek 2019 ag rapid  ,718
498,guangzhou decheng biotechnology  china,2019 ag saliva rapid  card,5
499,guangzhou fenghua bioengineering co, antigen rapid  colloidal gold,800
500,guangzhou wondfo biotech , ag saliva rapid ,158
501,guangzhou wondfo biotech ,celer finecare ag ,112
502,guangzhou wondfo biotech ,celer wondfo ag rapid ,113
503,guangzhou wondfo biotech ,fastbio rbd 2019 neutralizing antibody ,824
504,guangzhou wondfo biotech ,finecare 2019 antigen ,859
505,guangzhou wondfo biotech ,finecare 2019 rbd antibody ,792
506,guangzhou wondfo biotech ,finecare ag ,281
507,guangzhou wondfo biotech  china,  antibody  lateral flow method,604
508,guangzhou wondfo biotech  china,2019 antigen  lateral flow method,11
509,guangzhou wondfo biotech  no 8 lizhishan road science city luogang district 510663 guangzhou china,finecare  iggigm  devicecodes w278,778
510,guangzhou wondfo biotech  no 8 lizhishan road science city luogang district 510663 guangzhou china,wondfo 2019 antigen  devicelateral flow methodw196,787
511,guangzhou wondfo biotech  no 8 lizhishan road science city luogang district 510663 guangzhou china,wondfo 2019 real time assay w275p002,788
512,guangzhou wondfo biotech r roofs private  abbott laboratories zydus cadilla,  antibody  lateral flow method,1184
513,ha tech biopharma diagnostics australia rlt group services,  multiplex diagnostic ,1338
514,ha tech pty ,rt ivd medical device 2019 novel coronavirus  2 nucleic acid detection,589
515,hain lifescience gmbh,fluorotype plus ver 10  use with the gxt96 x3 extraction ,998
516,hangzhou alltest biotech ,  antigen rapid  cassette self ing ce1434 otc nasal swab,617
517,hangzhou alltest biotech ,  antigen rapid  with lf reader nasopharyngeal swabnasal swab,623
518,hangzhou alltest biotech ,  flu ab antigen combo rapid  cassette nasopharyngeal swab,151
519,hangzhou alltest biotech , antigen  cassette fia nasopharyngeal swab,190
520,hangzhou alltest biotech , antigen rapid  cassette nasal swab,180
521,hangzhou alltest biotech , antigen rapid  cassette nasopharyngeal swab,181
522,hangzhou alltest biotech , antigen rapid  cassette oral fluid,182
523,hangzhou alltest biotech , antigen rapid  oral fluid 802,176
524,hangzhou alltest biotech , antigen rapid  oral fluid self  802h,177
525,hangzhou alltest biotech , antigen rapid  swab 502,178
526,hangzhou alltest biotech , flu ab antigen combo rapid  cassette swab,599
527,hangzhou alltest biotech ,beright  iggigm rapid ,861
528,hangzhou alltest biotech ,fluabrsvadnomp antigen combo rapid ,221
529,hangzhou alltest biotech ,gsd novagen rapid ,317
530,hangzhou alltest biotech  china,2019  iggigm rapid  cassette,3
531,hangzhou biotest biotech ,lumiratek  ag,394
532,hangzhou biotest biotech ,medtest coronavirus  ag rapid ,414
533,hangzhou biotest biotech  china, iggigm rapid  cassette,199
534,hangzhou biotest biotech  china,rightsign  iggigm rapid  cassette,585
535,hangzhou biotest biotech  china distributed cliawaived ,rightsign  iggigm rapid  cassette rebranded tocoronachek iggigm rapid  cassette,586
536,hangzhou biotest biotech  china distributed premier biotech ,rightsign  iggigm rapid  cassette rebranded topremier biotech  iggigm rapid  cassette,587
537,hangzhou biotest biotech no  china, antigen rapid  cassette,179
538,hangzhou clongene biotech , antigen rapid  cassette saliva,183
539,hangzhou clongene biotech , influenza ab antigen combo rapid  cassette,206
540,hangzhou clongene biotech ,clungene  antigen rapid ,130
541,hangzhou clongene biotech  china, iggigm rapid  cassette,200
542,hangzhou deangel biological engineering ,novel coronavirus glycoprotein detection ,461
543,hangzhou fenhe technology ,reopentest  antigen rapid ,572
544,hangzhou laihe biotech ,lyher novel coronavirus  antigen colloidal gold nasal,399
545,hangzhou laihe biotech ,lyher novel coronavirus  antigen colloidal gold no,400
546,hangzhou laihe biotech ,lyher novel coronavirus  antigen colloidal gold saliva,401
547,hangzhou laihe biotech ,lyher novel coronavirus  antigen colloidal gold self ,402
548,hangzhou laihe biotech  china,lyher novel coronavirus  antigen colloidal gold,398
549,hangzhou laihe biotech  china,lyher novel coronavirus 2019 igmiggantibodycombo colloidal gold,396
550,hangzhou laihe biotech  china distributed unisources group ,lyher novel coronavirus 2019 igmiggantibodycombo colloidal gold rebranded quickkit novel coronavirus 2019  igmigg antibody combo  ,397
551,hangzhou lysun biotechnology ,altamed  rapid  ,796
552,hangzhou lysun biotechnology ,altamed  rapid antigen,832
553,hangzhou realy tech ,novel coronavirus antigen rapid ,454
554,hangzhou realy tech  china,2019 iggigm rapid  device,15
555,hangzhou realy tech  china,novel coronavirus antigen rapid  cassette swab,452
556,hangzhou singclean medical products , rapid antigen ,209
557,hangzhou testsea biotechnology  china,cellife  antigen  cassette,115
558,hangzhou testsea biotechnology  china,testsea antigen  ,717
559,healgen scientific ,rapid  antigen ,550
560,healgen scientific limited liability company united states of america, iggigm rapid  cassette,201
561,healgen scientific limited liability company3818 fuqua street houston tx 77047 usa,healgen coronavirus ag rapid  cassette swab,1069
562,healthgroup medical  ,v code encode antigen rapid  device,731
563,hecin scientific ,hecin  antigen  ,319
564,helini biomolecules chennai,helini coronavirus real time  rdrp orf gene  dual target  single tube assay,1339
565,helini biomolecules chennai india,helini coronavirus  real time ,1340
566,helix opco  dba helix,helix   ag rapid  ,320
567,himedia laboratories private limited mumbai,hi  detection  dry swab method,1341
568,himedia laboratories pvt ,hi  triplex probe ,1342
569,himedia laboratories pvt ,hi coronavirus  multiplex probe ,1343
570,himedia laboratories pvt  mumbai maharashtra india,elisafe19  igg elisa detection ,1201
571,hll lifecare limited gurugramindia india ,makesure  rapid ,1160
572,hologic ,aptima assay,46
573,hologic ,panther fusion ,490
574,hologic 10210 genetic center drive san diego ca usa,aptima assay,1017
575,hoyotek biomedical ,corona virus  antigen rapid  colloidal gold,134
576,hoyotek biomedical ,influenza abcorona virus  antigen rapid  colloidal gold,346
577,huaruian biology ,genenostics detection  2019 rna multiple fluorescence probing lyophilised,988
578,hubei jinjian biology ,jinjian antigen colloidal gold method,808
579,humasis,humasis  ag ,325
580,humasis,humasis  ag home ,324
581,humasis,humasis flu ag combo ,326
582,humasis ,humasis  ag ,797
583,humasis ,humasis  iggigm ,844
584,humasis  distributed celltrion usa ,celltrion diatrust ag rapid ,117
585,humasis co,humasis  lgglgm antibody  ,903
586,humedix,accurate rapid  igmigg combo ,908
587,hunan lituo biotechnology ,2019 antigen rapid  cassette,8
588,hunan runmei gene technology  room 4011 building 3 shanhe medicalhealth industrial park no 1048 zhongqing road shaping street kalfu district changsha hunan prove china,  and variants nucleic acid detection ,1018
589,hunan runmei gene technology  room 4011 building 3 shanhe medicalhealth industrial park no 1048 zhongqing road shaping street kalfu district changsha hunan prove china,new coronavirus  nucleic acid detection ,1025
590,huwellifesciencespvt  hyderabad india,quantiplus detection  ver 20,1345
591,huwellifesciencespvt  hyderabad india,quantiplus multiplex  detection ,1344
592,hymonbio ,hymon  ,327
593,hyris ,bkit virus finder ,105
594,illumina,illumina  seq ,976
595,illumina,illumina seq ,333
596,imgenex india pvt  bhubaneswar odisha india,im ag rapid ag  card,1242
597,immuno science india pvt  puneindia ,immuno quick rapid  fordetection novel coronavirus igmigg antibodies ,1165
598,immunoscience india pvt ,immunoquick  iggrapid  device ,1169
599,immunoscience india pvt  pune maharshtra india,immunoquick  antigen rapid card  ,1127
600,immunoscience india pvt  pune maharshtra india,immunoquick 19 antigen rapid card  ,339
601,in vitro diagnostica  brazil,  ag invitest,601
602,inbios delhi india, rapid ,1173
603,inbios international ,s ag detect rapid ,657
604,inbios international ,smart detect  rrt ,"674,675"
605,inbios international 307 westlake ave north suite 300 seattle wa 98109 united states,s detect igg elisa,1077
606,inbios international 307 westlake ave north suite 300 seattle wa 98109 united states,s detect igm elisa,1078
607,indian institute of technology delhi india, probe free real time diagnostic ,1346
608,indomim private limited,rt cov2,1347
609,innodx solutions pvt ,innodetect   version 1,1348
610,innova medical group,innova antigen ,350
611,innovation scientific pty  australia,innoscreen  antigen rapid  device,347
612,innovation scientific pty  australia,innoscreen  antigen rapid  device self ,348
613,innovation scientific pty  australia,innoscreentm  iggigm rapid ,349
614,innovita tangshan biological technology ,2019 ag ,6
615,innovita tangshan biological technology  china,2019 ab  colloidal gold,4
616,integrated  dna technologies ,2019 cdc eua  500 rxn,937
617,international point of care  canada,lumivi diagnostics  2 igg rapid  ,395
618,intron biotechnology  korea loften india pvt ,lilif  multi real time ,1349
619,intron biotechnology korea loften india pvt ,lilif  reqal time ,1350
620,invitrogen bioservices private limited 2nd floorcitius block first technology place no3 epipwhitefield bengaluru bengalurubangalore urban karnataka india,covipath  ,1029
621,inzek international trading,biozek medical  antigen rapid  cassette nasopharyngeal swab,845
622,inzek international trading bv,biozek medical  iggigm rapid  cassette whole bloodserumplasma,849
623,ipsum diagnostics , 19 idx assay,140
624,ivdlab ,ivdlab  ag ,363
625,ixensor,pixotest  antigen ,502
626,ixensor  taiwan,pixotest  ag  ,503
627,j mitra  bengaluru karnataka india, ag microlisa,143
628,j mitra  bengaluru karnataka india,elisa based  microlisa detection ,1128
629,j mitra  pvt  delhi india, kawach igg microlisa,1196
630,j mitra new delhi india, ag card  ver 2,1240
631,j mitra new delhi india,elisa based  microlisa detection ,1235
632,jeev diagnostics pvt ,identi g2 ,1351
633,jiangsu bioperfectus technologies ,novel corona virus ag rapid  ,446
634,jiangsu bioperfectus technologies ,perfectq  coronavirus real time ,1154
635,jiangsu bioperfectus technologies  china, coronavirus real time ,"193,194"
636,jiangsu cowin biotech  china,novel coronavirus  2 fast nucleic acid detection ,453
637,jiangsu konsung biomedical science  technology ,konsung novel coronavirus 2019 antigen rapid diagnostic  ,857
638,jiangsu medomics medical technology  china,  antigen lfia,627
639,jiangsu mole bioscience ,  antigen  cassette,624
640,jiangsu well biotech ,orawell  ag rapid saliva  device self ,476
641,jiangsu well biotech ,orawell igmigg rapid ,477
642,jiangsu well biotech  distributed phase scientific international limited,indicaid  igmiggrapid  rebranded by phase scientific international limited,343
643,jitm skills private limited new delhi india,jitm  detection ,1352
644,jn medsys   singapore,protect  qpcr ,1353
645,joinstar biomedical technology , antigen rapid  colloidal gold immunology sample,173
646,joinstar biomedical technology , antigen rapid  latex,174
647,joinstar biomedical technology , influenza ab antigen rapid ,598
648,joysbio tianjin biotechnology , antigen rapid colloidal gold,145
649,joysbiotianjin biotechnology ,joysbio iggneutralizing antibody rapid colloidal gold,793
650,kaneka corporation,kaneka direct ,365
651,karwa enterprises private limited delhi,karwa  lamp diagnostic ,1354
652,karwa enterprises private limited delhi,karwa nucleic acid detection ,1355
653,karwa enterprises pvt  delhi india,kavach karwa igg elisa,1191
654,kephera diagnostics,kdx rapid antigen ,370
655,kh medical ,radi  ag rapid ,545
656,kh medical ,radi  detection ,546
657,kilpest 3b blackbio biotech india  bhopal india,trupcr  qpcr  version 2,1356
658,kilpest india  bhopal madhya pradesh india,trurapid  ag  ,1244
659,kimforest enterprise ,kimforest detection  v1,374
660,kjb diagnostics hyderabad telangana india, igg elisa ,1202
661,kk dnaform,smartamp  ,678
662,koch biotechnology beijing ,  antigen lateral flow assay,612
663,kogene biotech  korea  republic of,powerchek 2019 real  time ,507
664,kogene biotech  seoul korea kin diagnostics,powercheck ,1357
665,kogene biotech seoul korea,power check 2019 real time ,1358
666,kohjin bio ,kbm linecheck  flu,368
667,kohjin bio ,kbm linecheck stick type,367
668,kojin bio ,kbm line check stick type,366
669,kojin bio ,kbm linecheck ncovflu,369
670,koshbio pvt  faridabad haryana india, cov2 rapid  ,1238
671,kriya medical technologies pvt,kirida novus  real time omicrondetection ,1149
672,lab care diagnostics india pvt  mumbai india,accucare  one step ,1359
673,lab care diagnostics india pvt mumbai maharashtra india ,accucare igmigg lateral flowassay  ,1161
674,lab genomics  republic of korea siemens healthcare private limited,labgun  assay plus,1360
675,lab genomics  republic of korea siemens healthcare private limited,labgun real time ,1361
676,labcare diagnostics  valsad gujarat india, antigen lateral flow  device,169
677,labcare diagnostics  valsad gujarat india supplied mylab discovery solutions,accucare  antigen lateral  device,1216
678,labcare diagnostics india pvt  valsad gujarat india,novel coronavirus  igg elisa,1193
679,labgenomics,labgun  ,375
680,labgenomics ,labgun  real time  ,943
681,labnovation technologies ,  antigen  influenza ab rapid  ,605
682,labnovation technologies ,  antigen rapid  ,618
683,labnovation technologies 1015th floor building 1 no 68 18th road guangming hitech park tangjia community fenghuang street guangming district shenzhen 518107 china,  antigen rapid  immunochromatographyself  ,1053
684,laipac technology ,look spot  antigen rapid ,384
685,lansion biotechnology , antigen dry fluorescence immunoassay,191
686,leadgene biomedical ,leadgene antigen rapid  ,377
687,lepu medical technology beijing ,  antigen rapid colloidal gold immunochromatography,619
688,lgc biosearch technologies,biosearch technologies real time and end point  pcrtest,98
689,life assay diagnostics pty  ,test it  rapid  cassette,899
690,life technologies corporation pleasanton,taqpath  ce ivd ,928
691,life technologies corporation pleasanton,taqpath  combo  100,930
692,life technologies corporation pleasanton,taqpath  combo  1000,929
693,life technologies corporation pleasanton,taqpath  flua flub combo ,994
694,life technologies corporation usa see also thermofisher,taqpath  combo ,705
695,life technologies corporation6055 sunol blvd pleasanton california 94566 usa,taqpath  ce ivd ,1033
696,life technologies corporation6055 sunol blvd pleasanton california 94566 usa,taqpath  flua flub combo ,1030
697,lifespan biotech pvt  madhya pradesh india,ls  qpcr ,1362
698,lifespan biotech pvt  madhya pradesh india,ls  qpcr multiplex ,1363
699,lipomic healthcare pvt  new delhi,lipomic  multiplex realtimert ,1364
700,lmg  laser medical group,basall family  2019 antigen,64
701,lomina ag,  protein antigen rapid ,635
702,lords mark industries private ,lordmed  ag  ,386
703,lords mark industries pvt  mumbai maharashtra india,lordmed  ag  ,1130
704,lucira health ,lucira  all in one  ,387
705,luminex corporation,aries assay ,51
706,luminex molecular diagnostics ,nxtag  extended panel assay,466
707,luminostics ,clip  rapid antigen ,128
708,luminostics ,clip 19 smartphone read out high sensivity antigen detection ,129
709,luminultra technologies  canada,genecount  qpcr assay ,302
710,lumiquick diagnostics ,quickprofile  antigen ,539
711,lumiquick diagnostics  2946 scott blvd santa clara ca 95054 usa,quickprofile  iggigm combo  card,1058
712,lumiradx uk ,lumiradx ag ,391
713,lumiradx uk ,lumiradx rna star,392
714,lumiradx uk ,lumiradx rna star complete,393
715,lumos diagnostics,x rapid antigen ,228
716,lumos diagnostics ata rapid pathogen screening  ata lumos diagnostics  united states,x rapidantigen  ,229
717,maccura biotechnology ,  fluorescent pcr,952
718,maccura biotechnology ,mag bind rna extraction ,953
719,maccura biotechnology  china eris lifesciences ,  nucleic acid detection  flourescent pcr,1368
720,maccura biotechnology 16 baichuan road hightech zone 611731 chengdu peoples republic of china,  fluorescent ,1009
721,maccura biotechnology 16 baichuan road hightech zone 611731 chengdu peoples republic of china,  fluorescent pcr,1035
722,maccura biotechnology usa ,  fluorescent ,"629,630,631"
723,maggenome technologies pvt  emakulam,maggenome  single tube multiplex ,1369
724,maimed,medsan antigen rapid ,413
725,maimed,novel coronavirus 2019 antigen colloidal gold,456
726,malcom company limited,standard  ag ,693
727,mammoth biosciences ,  detectrreagent ,628
728,materialsmachines corporation of america dba matmacorp ,matmacorp  2sf ,410
729,med achievers private limited noida uttar pradesh india,genome analyst detection ,1370
730,median diagnostics ,mdx  ag rapid ,411
731,medical  biological laboratories ,mebright ,412
732,medical diagnostech pty , antigen rapid acute infection ,170
733,medical diagnostech pty ,md  antigen ,1008
734,medical diagnostech pty ,md  iggigm rapid ,915
735,medical innovation ventures sdn bhd mediven,prodetect  antigen rapid ,511
736,medical innovation ventures sdn bhd mediven,prodetect  antigen rapid  oral fluid,512
737,medical innovation ventures sdn bhd mediven,prodetect  antigen rapid self ,509
738,medical innovation ventures sdn bhd mediven,prodetect  antigen rapid self  saliva,510
739,medicon ,trueline  ag rapid ,726
740,medix biochemica,actim  ,22
741,medizinische labordiagnostika ag deutschland ,  real time ,923
742,medizinische labordiagnostika ag deutschland germany,anti elisa iga,894
743,medizinische labordiagnostika ag deutschland germany,anti elisa igg,895
744,medsource ozone biomedicals faridabad haryana, ,1371
745,medsource ozone biomedicals faridabad haryana,ozofind  cov2 ,1372
746,medsource ozone biomedicalsharyana india , igmigg rapid  ver 20 ,1164
747,medzome lifesciences pvt  solan himachal pradesh india,futurecare  ag detection  ,"295,1229"
748,megna health ,rapid  igmigg combo  ,551
749,meridian,revogene assay,582
750,meril diagnostics,meril  one step ,969
751,meril diagnostics pvt ,meriscreen  antigen detection ,415
752,meril diagnostics pvt  gujarat india,meril  one step ,1373
753,meril diagnostics pvt  gujarat india,one step   lyophilized,1374
754,meril diagnostics pvt  gujarat india,one step   lyophilized target orf1ab and genes,1375
755,meril diagnostics pvt  vapi gujarat india,anti human igg elisa,1195
756,meril diagnostics pvt  vapi gujrat india, antigen detection  fia immunofluorescence analyzer chf200,1132
757,meril diagnostics vapi gujarat india, antigen detection ,1133
758,meril diagnosticspvt ,covifind  rapid ag self ,1113
759,merlin biomedical xiamen ,  antigen rapid  cassette,615
760,mesa biotech ,accula ,19
761,metadesign solutions pvt  haryana,pathkits mds  detect rtpcr ,1376
762,metas biomedical ,immtek  antigen rapid ,334
763,mexacare diagnostics gmbh,mexacare  antigen schnellltest,417
764,mexacare diagnostics gmbh,mexacare influenza ab ag combo schnelltest,416
765,mico biomed ,veri  ag rapid ,733
766,mico biomed ,veri  multiplex detection ,1377
767,micobiomed ,veri 316  detection system,1155
768,micobiomed ,veri 316 detection ,"734,735"
769,micobiomed  korea poct services pvt ,veri  multiplex detection ,1378
770,micobiomed  korea poct services pvt ,veri n qm  multiplex detection ,1379
771,microbio pty  australia bizsoch consultants llp,microbio infectid 19 catmb 1,1380
772,microlyn healthcare pvt  neelankarai tamilnadu india,  igg elisa,1212
773,mirxes,mirxes fortitude 21,963
774,mizuho medy ,quick chaser  flu,533
775,mizuho medy ,quick chaser  flu b,534
776,mizuho medy ,quick chaser auto  ,532
777,mizuhomedy ,fuji dry chem immno ag cartridge  ag,292
778,mizuhomedy ,quick chaser auto  2,531
779,mizuhomedy ,smart gene  ,676
780,mjbiopharmpvt ,mj coronavirus  qpcr ,1366
781,mobidiag oyfinland,novodiag  concept,955
782,mobiledetect bio ,mobiledetect bio bcc19 md  bio bcc19  ,419
783,molab gmbh, antigen prefilled buffer,188
784,mologic ,mologic  rapid ,421
785,mologic  bedford technology park thurleigh bedford mk44 2ya united kingdom, antigen rapid diagnostic ,1098
786,mp biomedicals asia pacific   singapore,rapid antigen  card,558
787,ms lorven biologics pvt ,saic 19 ag ,1228
788,ms lorven biologics pvt  hyderabad telangana india developed ssihl anantpur,saic 19 ag ,1131
789,ms sd biosensor  south korea,standard   19 igmigg duotest ,1187
790,ms siemens healthcare private limited mumbai,imdx multiplex orf1abn gene rtpcr assay,1367
791,mylab discovery solutions  pune maharashtra india,coviselftm pathocatch  otc antigen lf device home  ,1134
792,mylab discovery solutions  pune maharashtra india,gazelle pathocatch  fia  ,1239
793,mylab discovery solutions pvt ,coviself pathocatch  otc ag detection  home based self ,231
794,mylab discovery solutions pvt ,coviswifttm  plus rapid  poct,1381
795,mylab discovery solutions pvt ,patho detect,1382
796,mylab discovery solutions pvt ,pathocatch  ag detection ,492
797,mylab discovery solutions pvt ,pathodetect  qualitative  ,985
798,mylab discovery solutions pvt ,pathodetect coronavirus  qualitative ,1384
799,mylab discovery solutions pvt ,pathodetect two tube assay,1383
800,mylab discovery solutions pvt ,truemix,1385
801,nal von minden gmbh,nadal  ag,424
802,nal von minden gmbh germany,nadal  iggigm  pack 10,"425,426,427,428"
803,nanjing liming bioproducts ,strongstep antigen ,696
804,nanjing norman biological technology ,nanjing norman  igm igg rapid  ,907
805,nanjing vazyme medical technology ,kifatest  antigen,852
806,nanjing vazyme medical technology  china biotime healthcare pvt ,2019 novel coronavirus 2019 triplex qpcr detection ,1386
807,nanjing vazyme medical technology  floor 13 building c2 red maple park of technological industry kechuang road economy  technology development zone nanjing china,2019 novel coronavirus 2019 triplex qpcr detection ,1028
808,nanjing weiyun biotechnology ,  antigen rapid latex immunochromatography,622
809,nanoditech corp,nano check  antigen ,429
810,nanoditech corporation,fluoro check  antigen ,283
811,nanoentek ,frend  ag,287
812,nanoentek ,frend  ag  flu ab,288
813,nantong diagnos biotechnology ,nantong diagnos  antigen colloidal gold cassette,1006
814,nantong diagnos biotechnology 2nd floor building 6 electronic information industrial park no 2 haiyang south road chengnan street 226500 rugao city jiangsu prove peoples republic of china,2019 new coronavirus antibody  colloidal gold,1097
815,nantong diagnos biotechnology 2nd floor building 6 electronic information industrial park no 2 haiyang south road chengnan street 226500 rugao city jiangsu prove peoples republic of china,2019 new coronavirus antigen  colloidal gold,1096
816,nantong egens biotechnology ,  rapid antigen  ,648
817,nantong egens biotechnology  china, iggigm rapid  ,204
818,national electronics complex of pakistanplot 23 street 6 sector h91 islamabadal lab necop plot 23 street 6 sector h91 islamabad, raid rapidartificial intelligencedetection,776
819,ndfos ,nd  ag ,431
820,ndfos  sinwonro,smart diagnostic  antigen ,848
821,neodx biotech labs,neocheck  rapid antigen  self ing,432
822,neodx biotech labs private limited india,x assure detection ,1387
823,neodx biotech labs private limited india,x detect detection ,1388
824,neodx biotech labs private limited india,x direct plex detection ,1389
825,neodx biotech labs private limited india,x mplex 3nc detection ,1390
826,neodx biotech labs private limited india,xtm mplex 3nr detection ,1391
827,neodx biotech labs private limited india dss imagetech pvt ,x mplex 4r detection ,1392
828,neodx biotech labs pvt bengaluru karnataka india,neocheck  rapid antigen  self inghome  ,1135
829,neumodx molecular ,neumodx strip,434
830,new gene hangzhou bioengineering ,  influenza  influenza detection ,150
831,new gene hangzhou bioengineering , antigen detection  nasopharyngeal swab sputum samples,167
832,new gene hangzhou bioengineering ,kiamgenics  rapid antigen  ,373
833,new gene hangzhou bioengineering  room 1606 floor 16 building 5 688 binan road changhe street binjiang district hangzhou city zhejiang prove r china, antigen detection ,"1071,1072,1070"
834,newscen coast bio pharmaceutical  china, iggigm rapid  cassette,202
835,nextgen in vitro diagnostics limited faridabad haryana india,covscan  co 2 antigen detection ,1231
836,nextgen invitro diagnostics pvt ,covscan antigen detection ,232
837,nextgeninvitro diagnostics pvt haryana,covscan qpcr ,1393
838,ng biotech,ng  ag,438
839,ng biotech,ninonasal ,441
840,ng biotech,ninonasal self ,440
841,nichirei biosciences ,immunofine  ,338
842,ningbo health gene technologies ,  virus detection diagnostic  qpcr method version 10,1394
843,ningbo health gene technologies  china,  virus detection diagnostic ,653
844,nirmidas biotech ,midaspottm  antibody combo detection ,418
845,nirmidas biotech ,nirmidas   igmigg antibody detection ,442
846,norgen biotek corp canada, taqman  erdrp genes dx,216
847,norgen biotek corp canada,2019 taqman  dx,"13,14"
848,novatecimmunodiagnostica germany eurofins amar immunodiagnostics pvt ,gsd novaprime  pcr,1395
849,novegent,novegent  antigen rapid  ,445
850,nowdiagnostics ,adexusdx  ,24
851,ntbio diagnostics  canada,ntbio one step rapid   iggigm antibody ,464
852,nucleus diagnosys llp ahmedabad gujarat india, rapid antigen  ,1245
853,nucleus diagnosys llp gujarat india,  triplex ,1396
854,nulife care,abcheck rapid antigen self  nasal,1114
855,nulifecare noida,nulife  ag rapid  device,465
856,nulifecare noida up india,abchek  igmiggantibody rapid  ,1162
857,omega biotek ,mag bind viral dnarna 96  12 96 preps m6246 03,938
858,operon sa,simplestick ag ,671
859,opti medical systems ,opti ,973
860,opti medical systems ,opti pcrtest,"474,475"
861,opti medical systems 235 hembree park drive roswell georgia 30076 usa,opti ,1102
862,optolane technologies ,kaira 2019 detection ,364
863,orasure technologies ,inteliswab  rapid ,357
864,orasure technologies ,inteliswab  rapid  pro,"358,359,360,1156"
865,orasure technologies ,inteliswab  rapid  rx,361
866,ortho clinical diagnostics,vitros immunodiagnostic products antigen,742
867,ortho clinical diagnostics ,vitros immunodiagnostic products antigen reagent pack,743
868,ortho clinical diagnostics mumbai maharashtra india,vitros ag  clia  vitros 3600,1136
869,ortho clinical diagnosticsmumbai maharashtraindia, vitros agtest clia vitros 3600,1227
870,osang health care south korea,gene finder ,1397
871,osang healthcare,genefinder  plus real ampkit,960
872,osang healthcare ,genefinder  plus,926
873,osang healthcare ,genefinder  plusrealamp ,306
874,osanghealthcare,genefinder  ag rapid ,305
875,oscar medicare pvt ,optra shield  igg rapid  ,1181
876,oscar medicare pvt  delhi india, antigen card ,163
877,oscar medicare pvt  delhi india,corona igg ab detection  os igg,1177
878,oscar medicare pvt  delhi india,corona igg elisa,1208
879,oscar medicare pvt  delhi india,oscar corona rapid ag  ,"478,1224"
880,oscar medicare pvt  delhi india,rapid  corona antibody igmigg,1171
881,oscar medicare pvt  new delhi india, ,1398
882,oswaldo cruz foundation,tr  ag bio manguinhos,723
883,p23 labs ,p23 labs taqpath assay,480
884,panion  bf biotech ,vstrip  antigen rapid ,745
885,panion  bf biotech taiwan supplied tricell biologics chennai,vstrip  antigen rapid ,1217
886,pantest sa,pantest coronavirus ag,489
887,patanjali pharma,one step  antigen detection ant,469
888,pathkits healthcare pvt  gurugram haryana india,pathkits simple  ag rapid ,"491,1137"
889,pathogendx ,detectx rv,238
890,pcl ,pcl 19 ag gold,494
891,pcl ,pcl 19 ag rapid fia,495
892,pcl ,pclmd tm one step ,942
893,pcl  korea 701 star valley gasan digital complex seoul korea,pcl  aggold saliva,781
894,pcl  seoul republic of korea hemogenomics pvt ,pcl  iggigm rapid gold,1170
895,pcl  south korea,pcl  rapid fia,1218
896,perkin elmer finalnd,  qpcr reagent ,1399
897,perkinelmer ,perkinelmer  antigen ,496
898,perkinelmer suzhou symbio lifescience ,perkinelmer new coronavirus nucleic acid detection ,497
899,phase scientific international ,indicaid  rapid antigen ,345
900,phase scientific international limited,indicaid  rapidantigen ,344
901,philosys ,gmate ,312
902,pinpoint science ,pinpoint  screening assay,501
903,pishtaz teb diagnostics,  antigen rapid ,613
904,pishtaztebzaman diagnostics iran corevyan private limited, one step ,1400
905,plexbio ,intelliplex detection ,362
906,poct services private limited,q line molecular er 19 ,1401
907,poct services pvt  delhi india,q lisa ,1205
908,poct services pvt limited lucknow india,q line molecular coronavirus  ,1402
909,poly medicure ,polymed  rapid ag  ,506
910,poly medicure  faridabad haryanaindia,polymed  rapid ag  ,1139
911,poly medicure limited faridabad haryana,polymed 2019 ,1403
912,precigenome ,fastplex triplex detection ,280
913,precision biomonitoring ,triplelock  strips,725
914,precision biosensor ,exdia  ag,274
915,precision biosensor ,pbcheck  ag,493
916,precision system science ,elite mgb pcrdetection ,257
917,premier medical corporation private limited,sure status  antigen card ,698
918,premier medical corporation private valsad gujarat india ,sure status  iggigmcard  ,1182
919,premier medical corporation pvt ,sure status  ag ,697
920,premier medical corporation valsad gujarat india supplied cipla ,sure status  ag  ciptest  antigen card ,1219
921,prime4dia ,p4detect  ag,481
922,prime4dia ,p4detect  sag,482
923,prime4dia ,p4detect flu,483
924,primer design ,coronavirus  genesig real time assay used together with the gxt96 x3 extraction  ver 10,993
925,primer design ,genesig real time coronavirus  ce ivd ,924
926,primer design uk,z path genesig,1404
927,primerdesign , genesig real  time assay,"196,197"
928,primerdesign ,genesig assay,921
929,procomcure biotech gmbh trax management services ,phoenixdx 2019 ncov,499
930,procomcure biotech gmbh trax management services ,phoenixdx multiplex,500
931,progenie molecular  spain,realcycler coronavirus orf8 gene,1405
932,prognosis biotech,rapid  ag 2019 ncov,563
933,promea therapeutics pvt  hyderabad telangana india,prolisa  igg elisa,1198
934,promea therapeutics telangana,propcr  qpcr,1406
935,promoitalia group spa,drop tech,247
936,pt arfiko duta,m gene  qpcr multiplex,889
937,pt arkanindoplast utama,arkan medical  antigen rapid  ,882
938,pt indo medical diagnostic,safety rapid  ag,869
939,pt indo medical diagnostik,ia 19 rapid  antigen  ,866
940,pt indonesia farma,aptamex  dna aptamer gold nanoparticle  ,883
941,pt indonesia farma,aptamex  dna aptamer gold nanoparticle 110,867
942,pt indonesia farma,smart diagnostic antibody igmigg rapid ,879
943,pt interskala medika indonesia,genomic  antigen colloidal gold,864
944,pt interskala medika indonesia,is  antigen colloidal gold,868
945,pt interskala medika indonesia,medicheck  antigen colloidal gold,863
946,pt interskala medika indonesia,vitrogen  antigen colloidal gold,862
947,pt jayamas medica industri,onemed  detecto  antigen rapid ,892
948,pt jayamas medica industri,onemed rapid  igmigg antibody  ,885
949,pt jayatunggal sekarmulia,wholepower  antigen rapid diagnostic ,871
950,pt jayatunggal sekarmulia,wholepower  iggigm one step rapid diagnostic ,874
951,pt kalgen dna,elva diagnostic saliva nucleic acid  ,886
952,pt kimia farma tbk,kimia farma  iggigm ,881
953,pt newsha inovasi internasional,newsha genomics  antigen ag s,877
954,pt oneject indonesia,bioquick  ag rapid  device nasopharyngeal,878
955,pt oneject indonesia,bioquick ag rapid  device nasal,865
956,pt pakar biomedika indonesia,uji cepad  ag ,872
957,pt prodia diagnostic line,bpro  ag rapid diagnostic ,880
958,pt sedoyo sami sehat,fast  antigen rapid ,870
959,pt standard biosensor healthcare,fastclear  ag ,891
960,pt taishan alkes indonesia,clungene ind  antigen rapid  cassette,888
961,pt taishan alkes indonesia,ekomed  antigen rapid  device,884
962,pt taishan alkes indonesia,indoswab  antigen rapid ,873
963,pt taishan alkes indonesia,newlungene  antigen rapid  casette,876
964,pt taishan alkes indonesia,taishan indonesia  antigen rapid ,887
965,pt tempo merah putih,tempo diagnostic  antigen rapid nasal swab,875
966,qawach bio,insta ag ,352
967,qawach bio pvt ,insta ag ,1236
968,qiagen gmbh,qiareach antigen ,514
969,qiagen gmbh,qiastat dx respiratory  panel,515
970,qiagen hilden germany,qiagen prepamp viral rna um  with the n1n2 ,986
971,qingdao hightop biotech , ag,152
972,qingdao hightop biotech , ag  celer biotecnologia,153
973,qingdao hightop biotech ,sure bio tech  iggigm rapid lateral flow assay,898
974,qingdao hightop biotech  china,  igmlggantibody rapid ,634
975,qorvo biotechnologies ,omnia antigen ,468
976,qrx private limited delhi,saraltest lamp ,1407
977,quadrant biosciences ,clarifi ,122
978,qualpro diagnostics division of tulip diagnostics pvt ,qualisa  igg anti  igg elisa,1209
979,quantabio,cdc 2019 novel coronavirus 2019  real time diagnostic panel,939
980,quanterix corporation,simoa n protein antigen ,669
981,quanterix corporation,simoa nprotein antigen ,670
982,quantumdx united kingdom allybio private limited,quantumdx detection assay,1408
983,quest diagnostics infectious disease ,quest diagnostics ha  rrt ,527
984,quest diagnostics infectious disease ,quest diagnostics pf  rrt ,528
985,quest diagnostics infectious disease ,quest diagnostics rc  rrt ,529
986,quest diagnostics infectious disease ,quest rrt ,530
987,quibasa qumica bsica a,bioclin fast  ag,83
988,quidel corp,lyra rrt ,403
989,quidel corp,solana assay,682
990,quidel corporation,lyra assay,1001
991,quidel corporation,lyra direct assay,1000
992,quidel corporation,quickvue  antigen ,"542,543"
993,quidel corporation,quickvue at home  ,540
994,quidel corporation,quickvue at home otc  ,"541,1157"
995,quidel corporation,sofia  antigen fia,681
996,quidel corporation,sofia 2  antigen fia,680
997,quidel corporation,sofia 2 flu antigen fia,679
998,quidel corporation,solana assay,996
999,racer technology  ,clearepi  detect antigen rapid ,819
1000,rapigen ,biocredit  ag,87
1001,rapigen ,biocredit  ag  nasal,89
1002,rapigen ,biocredit  ag home  nasal,88
1003,rapigen 34f 16 lsro 91beongil dongangu anyangsi gyeonggido 14119 republic of korea,biocredit  ag,1042
1004,rbiopharm,rida gene  ,965
1005,rbiopharm,ridagene  ,984
1006,rbiopharm ag,rida quick antigen ,584
1007,recombigen laboratory pvt  new delhi india, rapid antigen  ,1243
1008,reliance industries limited india, green  realtime pcr,1409
1009,reliance industries limited india,r green pro one taqman based real time ,1410
1010,resilient supplier,resilient  rpido direct read antigen  cassette ,577
1011,resilient supplier,resilient  rpido direct read antigen influenza ab ,576
1012,resilient supplier,resilient rpido direct read antigen paper strip  ,578
1013,reszon diagnostics international sdn bhd,reszon  rapid antigen ,581
1014,rheonix,rheonix  mdx assay,583
1015,roche diagnostics,  rapid antigen standard antigen ,647
1016,roche diagnostics,cobas ,"132,133"
1017,roche diagnostics,cobas  ,131
1018,roche diagnostics ,  rapid antigen ,643
1019,roche diagnostics ,eclusis reagent ag,252
1020,roche diagnostics ,elecsys antigen ,256
1021,roche diagnostics gmbh,elecsys anti e1g,893
1022,roche diagnostics gmbh,elecsys anti e2g,911
1023,roche diagnostics gmbh,roche elecsys  anti s immunoassay e1g,914
1024,roche diagnostics gmbhsandhofer str116 68305 mannheim germany,elecsys anti ,777
1025,roche diagnostics pvt ,elecsys antigen  clia cobas e411,1241
1026,roche diagnostics switzerland,light mix modular 19 rdrp,1411
1027,roche molecular systems,cobas  influenza ab nucleic acid  use on the cobas liat systems,809
1028,roche molecular systems ,cobas  influenza ab,972
1029,roche molecular systems ,cobas qualitative nucleic acid  use on the cobas 68008800 systems,811
1030,roche molecular systems 1080 us highway 202 south branchburg nj 08876 usa,cobas  influenza ab nucleic acid  use on the cobas liat system material code 09211101190,1105
1031,rohto pharmaceutical ,check mr cov19,119
1032,romedholland  van oostveen medical bv,romed coronavirus ag rapid  cassette swab,588
1033,safecare biotech hangzhou , antigen swab,192
1034,sakura tech  ,sherlock crispr ,1002
1035,salofa oy,clarity  antigen rapid  cassette,123
1036,salofa oy,ovios antigen rapid  cassette,479
1037,salofa oy,salocor  antigen rapid  cassette,593
1038,salofa oy,sienna  iggigm rapid  cassette,909
1039,salofa oy,sienna clarity  antigen rapid  cassette,668
1040,salofa oy,sienna clarity coviblock  iggigm rapid  cassette,667
1041,salofa oy,spring health  antigen rapid  cassette,686
1042,sansure bio tech ,novel coronavirus 2019  nucleic acid diagnostic  fluorescence probing,447
1043,sansure biotech , nucleic acid pcrtest ,987
1044,sansure biotech ,acs 2019 nucleic acid based diagnostic reagent ,917
1045,sansure biotech ,reagents dna andor rna extraction and preparation bacteria andor virus,936
1046,sansure biotech ,sansure2019 nucleic acid based diagnostic reagent ,950
1047,sansure biotech  changsha china,novel coronavirus2019 nucleic acid diagnostic  fluorescence probing,1412
1048,sansure biotech no680 lusong road hitech development zone yuelu district changsha hunan prove 410205 peoples republic of china,novel coronavirus 2019 nucleic acid diagnostic  fluorescence probing,1050
1049,schebo biotech ag,schebo quick antigen,655
1050,sciencell,sciencell coronavirus real time  qpcr detection  multiplex option,656
1051,sd biosensor,athome kit nasal,1116
1052,sd biosensor,sd biosensor rapid antibody ,815
1053,sd biosensor,sd biosensor rapid antigen ,810
1054,sd biosensor,sd biosensor rapid antigen  nasal,812
1055,sd biosensor,standard  igmigg combo ,853
1056,sd biosensor,standard  igmigg duo ,854
1057,sd biosensor,standard n real time detection ,690
1058,sd biosensor,standard n realtime detection  ,967
1059,sd biosensor ,  rapid antigen  nasal,649
1060,sd biosensor ,  rapid antigen self  nasal,642
1061,sd biosensor ,standard  ag ,691
1062,sd biosensor ,standard  ag   eco diagnostica ltda,694
1063,sd biosensor ,standard  ag fia,687
1064,sd biosensor ,standard  ag fia  eco diagnostica ltda,688
1065,sd biosensor ,standard  ag home ,692
1066,sd biosensor ,standard flu ag combo ,"689,695"
1067,sd biosensor  c45 floor 16 deogyeongdaero 1556beongil yeongtonggu suwonsi gyeonggido 16690 republic of korea,standard  ag  ,1048
1068,sd biosensor  distributed roche diagnostics australia,  rapid antigen ,"644,645,646"
1069,sd biosensor c45 floor 16 deogyeongdaero 1556beongil yeongtonggu suwonsi gyeonggido 16690 republic of korea,  rapid antibody ,1099
1070,sd biosensor c45 floor 16 deogyeongdaero 1556beongil yeongtonggu suwonsi gyeonggido 16690 republic of korea,  rapid antigen ,1074
1071,sd biosensor c45 floor 16 deogyeongdaero 1556beongil yeongtonggu suwonsi gyeonggido 16690 republic of korea,standard  ag  ,1047
1072,sd biosensor c4th5th 16 deogyeongdaero1556beongil yeongtonggu suwonsi gyeonggido16690 republic of korea,standard n real time detection ,"1037,1036"
1073,sd biosensor healthcare pvt ,ultracovi  catch home ,1115
1074,sd biosensor healthcare pvt  gurugram haryana india,standard  igg elisa,1207
1075,sd biosensor korea supplied rochediagnostics,  rapid ag  nasal,1141
1076,sd biosensor south korea,n real time detection ,1413
1077,sd biosensor south korea,standard  ag fia analyser standard f2400,1142
1078,sd biosensor south korea  india,standard  ag,1215
1079,seasun biomaterials,aq top  rapiddetection ,47
1080,seasun biomaterials,aq top  rapiddetection  plus,48
1081,seasun biomaterials,u top  detection ,729
1082,seegene ,allplex  fluaflubrsv assay,974
1083,seegene ,allplex 2019 assay,927
1084,seegene ,allplex 2019 assay ,"35,36"
1085,seegene ,allplex master assay,1004
1086,seegene ,allplex variant assay,1005
1087,seegene  ,allplex assay nucleic  acid technique nat,961
1088,seegene  taewon bldg 91 ogeumro songpagu seoul republic of korea,allplex master assay,1031
1089,seegene south korea,allplex 2019 assay,1414
1090,seegene south korea,allplex master assay,1415
1091,seegene taewon bldg 91 ogeumro songpagu seoul republic of korea,allplextm assay,1015
1092,sekisui medical ,rapidtesta  ,565
1093,seloi healthcare,insta  ag one step antigen rapid ,351
1094,seloi healthcare pvt mumbai maharashtra india,insta  ag onestep antigen rapid ,1144
1095,sensingself  ,s1  rapid antigen ,590
1096,sensingself  ,s4 multiplex rapid antigen  mersinfluenza ainfluenza b,591
1097,sensitest the netherlands bv,sensitest joysbio antigen rapid  ,659
1098,sentinel diagnostics italy,stat nat  realtime ,1416
1099,sentinel diagnostics italy kopran laboratories limited,stat nat  hk lyophilized mix qualitative detection novel corona virus in realtime pcr,1417
1100,sg diagnostics, antigen rapid  ,185
1101,sga medikal,  rapid ag colloidal gold,640
1102,sga medikal,  rapid ag ifa,641
1103,shambhav medical uttar pradesh,virodetect  real time ,1418
1104,shangahai zj biotech,multiple respiratory virus nuceic acid ivd  nucleic acid technique nat,931
1105,shanghai biogerm medical technology room 13021307 1309 building 3 no 1588 huhang highway fengxian district shanghai china,novel coronavirus 2019 nucleic acid detection  fluorescence probing,1103
1106,shanghai bionaire biotech ,bionaire novel coronavirus  antigen  colloidal gold,795
1107,shanghai chemtron biotech , and influenza ab antigen combo rapid  colloidal gold,162
1108,shanghai chemtron biotech , antigen rapid  colloidal gold,172
1109,shanghai chemtron biotech ,influenza abrsvadenovirus antigen combo rapid  colloidal gold,223
1110,shanghai chemtron biotech ,influenza abrsvantigen combo rapid  colloidal gold,224
1111,shanghai fosun long march medical science  china,fosun  pcrdetection ,"285,286"
1112,shanghai fosun long march medical science  china,novel coronavirus 2019  detection  commercial name fosun 2019 qpcr,451
1113,shanghai geneodx biotechnology  china,novel coronavirus 2019 nucleic acid detection  real time pcr,457
1114,shanghai kehua bio engineering ,diagnostic  nucleic acid real time pcr,241
1115,shanghai zj biotech  china,novel coronavirus 2019  real time multiplex  ,449
1116,shanghai zj biotech  china,novel coronavirus 2019  real time multiplex detection 3 genes,450
1117,shankaranarayana life sciences llp karnataka,sn  ensure one step multiplex detection ,1419
1118,shenzenunimedica technology  vishat diagnostics pvt ,real time  novel coronavirus 2019 orf1ab n,1420
1119,shenzhen bioeasy biotechnology ,bioeasy 2019 ag fluorescence rapid time resolved fluorescence,90
1120,shenzhen kisshealth biotechnology ,  antigen  gica,806
1121,shenzhen landwind biotechnology ,landwind antigen colloidal gold,818
1122,shenzhen lvshiyuan biotechnology ,green spring antigen rapid  ,314
1123,shenzhen lvshiyuan biotechnology ,green spring flu  flu   ag rapid ,313
1124,shenzhen microprofit biotech ,  antigen fluorescence immunoassay,626
1125,shenzhen microprofit biotech , influenza ab antigen combo colloidal gold,600
1126,shenzhen mindray biomedical electronics  china,  igg clia,1206
1127,shenzhen mindray biomedical electronics co,mindray crea creatinine  sarcosine oxidase method,820
1128,shenzhen new industries biomedical engineering  no23 jinxiu east road pingshan district 518122 shenzhen pr china,maglumi 2019 igg clia,1080
1129,shenzhen new industries biomedical engineering  no23 jinxiu east road pingshan district 518122 shenzhen pr china,maglumi 2019 iggigm clia,1093
1130,shenzhen new industries biomedical engineering  no23 jinxiu east road pingshan district 518122 shenzhen pr china,maglumi 2019 igm clia,1089
1131,shenzhen unimedica technology  room 202 block 6th liuxian culture park xili town nanshan district shenzhen guangdong prove pr china,novel coronavirus 2019 nucleic acid detection  fluorescence method,1108
1132,shenzhen unimedica technology room 202 block 6th liuxian culture park xili town nanshan district shenzhen guangdong prove pr china,novel coronavirus 2019 nucleic acid detection  fluorescence method,1106
1133,shenzhen yhlo biotech ,gline 2019 ag,311
1134,shenzhen yhlo biotech ,iflash 2019 antigen,332
1135,shenzhen yhlo biotech ,unicell 2019 ag,730
1136,sherlock biosciences ,sherlock crispr ,666
1137,shimadzu corporation,ampdirect 2019 detection ,40
1138,shinjin medics ,diakey  ag rapid ,242
1139,sidak life care pvt  haryana india,mp real time   rna,1421
1140,sidak life care pvt  new delhi india,one step  igmigg antibody,1167
1141,sidak lifecare pvt ,one step novel corona virus  antigen  ,470
1142,sidak lifecare pvt  jhajjar hayana india,one step novel corona virus  antigentest ,1145
1143,siemens health care diagnostics  511 benedict ave tarrytown ny 10591 usa,siemens atellica im total ,783
1144,siemens healthcare diagnostics ,advia centaur antigen cov2ag,26
1145,siemens healthcare diagnostics ,atellica im antigen cov2ag,61
1146,siemens healthcare diagnostics  500 gbc drive mailstop 514 po box 6101 newark de 19714 usasiemens healthcare diagnostics 500 gbc drive mailstop 514 po box 6101 newark de 19714 usa,siemens dimensionexl  total antibody assaycv2t ,784
1147,siemens healthcare diagnostics  511 benedict avenue tarrytown ny 10591 usa siemens healthcare diagnostics 333 coney street east walpole ma 02032 usa,advia centaur  iggscovg ,765
1148,siemens healthcare diagnostics  511 benedict avenue tarrytown ny 10591 usa siemens healthcare diagnostics 333 coney street east walpole ma 02032 usa,atellica im igg scovg ,775
1149,siemens healthcare private limited vadodara india,imdx multiplex en gene rtpcr assay,1422
1150,siemens healthineers,clinitest rapid  antigen ,126
1151,sml genetree ,ezplex g ,277
1152,snibe  shenzhen new industries biomedical engineering ,maglumi ag clia,404
1153,snp biotechnology rd ,coviwok   ,979
1154,snp biotechnology rd  turkey wockhardt , real time  v1,1423
1155,solgent  represented jk toxpert,diaplexq novel coronavirus 2019 detection ,243
1156,sona nanotech,sona  lfa,683
1157,spartan bioscience  canada,spartan  system  cartridge,684
1158,speedx pty  australia,plexpcr  ,504
1159,spring healthcare services ag,  antigen rapid  cassette swab,616
1160,spring healthcare servicesag,spring healthcare  19 igmigg rapid ,902
1161,sreechitratirunal institute for medical sciencestechnology kerala,chitra  cov2 multiplex ,1424
1162,sri sathya sai institute of higher learning anantpur andhra pradesh india,saic 19 ag ,592
1163,st petersburg research institute of vaccinessera fsue spbsrivs fmba,  tru eia,652
1164,stellence pharmsciences pvt ,stellence  qpcr ,1425
1165,strumed solutions pvt  chennai tamilnadu india,instaxplor  ag  rapid antigen ,1146
1166,strumed solutions pvt  chennai tamilnadu india,instaxplor 19 ag  rapid antigen ,355
1167,sudxbiotec corporation,sgnp ncovflu detection ,661
1168,sugentech ,sgti flex  ag,663
1169,sugentech ,sgti flex  igg,"664,665"
1170,sugentech ,sgti flex flu ab ag duo,662
1171,sugentech 72126 jeongjungyeonjero osongeup heungdeokgu cheongjusi chungcheongbukdo 28161 republic of korea,sgti flex  igmigg,1079
1172,sun yatsen university da an gene company limited  no19 xiangshan road science park high new technology development district guangzhou guangdong pr china,detection  2019 novel coronavirus 2019 fluorescence,1054
1173,sure biotech usa ,2019 antigen rapid  colloidal gold,7
1174,sure biotech usa ,diagnostic  ag fluorescence immunochromatographic assay,240
1175,surescreen diagnostics ,surescreen  antigen rapid  cassette,699
1176,surescreen diagnostics ,surescreen  iggigm rapid ,901
1177,suzhou saier immunobiotech  saier biotech,instantsure  ag card,354
1178,suzhou symbio lifescience  china represented perkinelmer,perkinelmer real time assay,498
1179,sysmex corporation,2019 fluorescence detection real time ,12
1180,sysmex corporation,hiscl ag assay ,321
1181,sysmex corporation,hiscl ag reagent ,322
1182,t2 biosystems ,t2  panel,701
1183,taidoc technology corporation,fora  antigen rapid ,284
1184,taidoc technology corporation,vtrust  antigen rapid ,746
1185,taidoc technology corporation taiwan,fora  antigen rapid ,1233
1186,takara bio ,takara direct detection ,702
1187,talis biomedical corporation,talis one  cartridge pack,703
1188,tata medical  diagnostics  mumbai maharashtra india,tata md check omisure,1148
1189,tata medicaldiagnostics ,tata md check 3 gene,1428
1190,tata medicaldiagnostics ,tata md check fast,1429
1191,tata medicaldiagnostics ,tata md check fast 3 gene,1430
1192,tata medicaldiagnostics ,tata md check flex,1431
1193,tata medicaldiagnostics ,tata md check xf,"1426,1427"
1194,tauns laboratories ,immuno ace  capilia  ,335
1195,tauns laboratories ,imunoace capilia  ,342
1196,tbg biotechnology corp,exprobetm ing ,275
1197,tbg biotechnology corp,tbg igg  igmrapid  ,714
1198,tcm limited kerala,covi detect  2 real time detection ,1432
1199,td diagnostics canada pvt  ,sienna  iggigm rapid  cassette,896
1200,tecnobios srl,fast  antigen rapid colloidal gold,278
1201,tellgen corporation,  nucleic acid detection  based on real time platform,638
1202,theragen biologics private limited tamil nadu,gen  corona virus single tube multiplex detection ,1433
1203,thermo fisher scientific ,taqpath  ,710
1204,thermo fisher scientific ,taqpath  ce ivd ,704
1205,thermo fisher scientific ,taqpath  combo  advanced,707
1206,thermo fisher scientific  see also life technologies corporation,amplitude solution with taqpath  high throughput combo ,42
1207,thermo fisher scientific  see also life technologies corporation,taqpath  combo ,706
1208,thermo fisher scientific  see also life technologies corporation,taqpath  fast pcrcombo  20,708
1209,thermo fisher scientific  see also life technologies corporation,taqpath  flua flub combo ,711
1210,thermo fisher scientific  see also life technologies corporation,taqpath  pooling ,713
1211,thermo fisher scientific  see also life technologies corporation,taqpath  rnase combo  20,709
1212,thermo fisher scientific  see also life technologies corporation,taqpath new coronavirus real time pcrdetection ,712
1213,thermo fisher scientific us invitrogen bioservices india pvt ,covipath  a50780,1434
1214,tns  bio tns, pna ,214
1215,tns co, pna ,956
1216,tody laboratories int,coronavirus  influenza ab antigen combo nasopharyngeal specimen,135
1217,tody laboratories int,coronavirus antigen nasopharyngeal specimen,137
1218,tody laboratories int,coronavirus antigen oral fluid,136
1219,tokyo boeki medisys,afias  ag  cartridge,29
1220,tokyo boeki medisys ,afias  ag cartridge,28
1221,tosoh bioscience,cl aia pack ag,120
1222,tosoh corporation,cl aia pack ag,121
1223,tosoh corporation,trcready  ,724
1224,toyobo ,gene cube  ,301
1225,toyobo ,gene cube hq  ,300
1226,toyobo ,immunoarrow  ,336
1227,toyobo ,immunoarrow antigen  ,337
1228,transasia biomedical ,erbaqik  ag rapid ,1237
1229,transasia biomedicals  mumbai maharashtra india,erbalisa  igg elisa,1194
1230,transasia diagnostics solutions limited maharashtra,erbamdx  ,1435
1231,transcience innovative technologies chennai,truescreen  multiplex real time detection ,1436
1232,trivitron healthcare pvt ,biocard pro  antigen ,82
1233,trivitron healthcare pvt ,sure direct multiplex with extraction free technology,1439
1234,trivitron healthcare pvt ,sure multiplex realtime ,1437
1235,trivitron healthcare pvt ,sure pro multiplex ,1438
1236,trivitron healthcare pvt  mumbai maharashtra india, kavach anti human igg elisa ,1199
1237,tulip mdiagnostics  verna,amplichain  ,1440
1238,twist bioscience corporation,  ngs assay,637
1239,ubio biotechnology systems private limited,sensit  rapid antigen  ,658
1240,ubio biotechnology systems private limited,viragen molecular diagnostics  real  time ,1441
1241,ubio biotechnology systems pvt  kochin kerala india,sensit rapid  ag ,1222
1242,ustar biotechnologies hangzhou  china,diagnostic  novel  coronavirus 2019 rna isothermal amplification real time fluorescence assay,239
1243,ustar biotechnologies hangzhou  china,easynat diagnostic  novel coronavirus 2019  rna isothermal amplification real time fluorescence assay,250
1244,vanguard diagnostics delhiindia , igmigg antibodydetection card  ,1159
1245,vazyme medical technology  floor 13 building c2 red maple park of technolngical industry kechuang road economy  technology development zone nanjing china,2019 novel coronavirus 2019 triplex qpcr detection ,1027
1246,vela operations singapore  ,virokey ,739
1247,vela operations singapore  ,virokey  v20,740
1248,vida biotecnologia  me, ag fast,154
1249,vida biotecnologia  me, ag se rapido,159
1250,vida biotecnologia  me,vida fia  ag,738
1251,vimek bioconcept pvt ,  fluorescent pcr,1442
1252,vircell sl,vircell microbiologists direct real time ,954
1253,visby medical,visby medical  point care ,741
1254,vitane biologics pvt  telangana,covtect  qualitative ,1443
1255,vitro sa spain dss imagetech private ,  ,1444
1256,vitromed healthcare,vitromed 2019 ,1445
1257,vitrosens biyoteknoloji  sti,rapidfor ag  ,564
1258,vivacheck biotech hangzhou  china,vivadiag igmigg rapid ,744
1259,vivacheck biotech hangzhou co,vivadiag ag rapid ,798
1260,vivacheck biotech hangzhou co,vivadiag pro ag rapid ,799
1261,vivachek biotech hangzhou ,immupass vivadiag ag rapid ,340
1262,vivachek biotech hangzhou  china,verino neutralizing antibody fia  ,807
1263,vivachek biotech hangzhou level 2 block 2 146 east chaofeng rd yuhang economy development zone hangzhou 311100 zhejiang china,vivadiag  igmigg rapid ,1111
1264,voxtur bio  mumbai maharashtra india,voxel anti igg antibody detection kavach,1192
1265,voxtur bio  surat gujarat india,coronavirus  iggigmrapid  ,1158
1266,vyttra diagnosticos,smart ag,677
1267,wallac oy,perkinelmer real time  assay,941
1268,wallac oy finland,  qpcrreagent ,650
1269,wama diagnostica,imuno rpido  ag,341
1270,weiner lab,wl check ag,756
1271,wells bio ,careus  antigen,110
1272,wesail biotech ,wesail  antigen  ,754
1273,willi fox gmbh,willi fox  antigen rapid ,755
1274,won one medical ,wonmed  ag,757
1275,wuhan easydiagnosis biomedicine  china,  igmiggantibody  ,633
1276,wuhan easydiagnosis biomedicine  china,  nucleic acid  ,144
1277,wuxi biohermes bio  medical technology ,biohermes antigen lateral flow assay,804
1278,wuxi biohermes bio  medical technology ,biohermes neutralizing antibodies enzyme linked immunosorbent assay,803
1279,xiamen amonmed biotechnology , antigen rapid colloidal gold,186
1280,xiamen biotime biotechnology  china,biotime  iggigm rapid qualitative ,103
1281,xiamen biotime biotechnology  china distributed oneill medical  horiba instrument orporated lifesaving global  the ruhof corporation marlans group us jemf pharma,biotime  iggigm rapid qualitative ,102
1282,xiamen biotime biotechnology  china distributed telepoint medical services ,rebranded by telepoint medicalservices llc,571
1283,xiamen boson biotech ,boson biotech rapid 2019 iggigm combo  card,840
1284,xiamen boson biotech ,promeds diagnostics 2019 iggigm combo  card,846
1285,xiamen boson biotech ,xiamen boson rapid 2019 iggigm combo  card,906
1286,xiamen boson biotech  china,rapid antigen  card,"559,560,561,562"
1287,xiamen wiz biotech , influenza ainfluenza antigen rapid ,654
1288,xiamen wiz biotech co,wiz biotech antigen rapid ,801
1289,xiamen zeesan biotech  china,  real  time pcr,651
1290,xiamen zeesan biotech building 1 no 3701 xiangan north road torch hi  tech industrial development zone xiangan xiamen fujian 361101 china,  real time pcr,1057
1291,xian tianlong sciencetechnology corporate limited,novel corona virus 2019 nucleic ac detection automatic nucleic acid extractor,934
1292,xtrava health,spera  ag ,685
1293,yaathum biotech private limited tamil nadu india,  qpcr multiplex ,1446
1294,yashraj biotechnology limited,covigene  qualitative nucleic acid ,1447
1295,yd diagnostics corp korea poct services private limited,molecutech real time  ,1448
1296,yhlo iflash china,  igg clia,1190
1297,youseq uk,19 enrdrp gene multiplex qpcr ,1449
1298,yuvraj biobiz ubator india pvt ,ybio rapid ag  ,"760,1234"
1299,z biotech ,anylab  ag  ,45
1300,zalgen labs ,re  antigen elisa ,573
1301,zalgen labs ,re  antigen rapid ,574
1302,zalgen labs ,re pan corona antigen elisa ,575
1303,zephyr biomedicals division of tulip diagnostics pvt ,igg covimmuno device,1178
1304,zephyr biomedicals division of tulip diagnostics pvt ,rapid  detection igm and igg antibodies,1176
1305,zephyr biomedicals tulip diagnostics goa india,covirat  rapid antigen  ,1147
1306,zephyr biomedicalstulip group,covirat  rapid antigen  ,230
1307,zhejiang anji saianfu biotech co,andlucky  antigen rapid  cassette,827
1308,zhejiang anji saianfu biotech co,seinofy  antigen rapid  cassette,831
1309,zhejiang anji saianfu biotech co,seinofy  iggigm rapid ,823
1310,zhejiang kuaye biotechnology ,ky bio  ag ,858
1311,zhejiang kuaye biotechnology ,ky bio  nab ,833
1312,zhejiang orient gene biotech,coronavirus ag rapid ,138
1313,zhejiang orient gene biotech,lambra coronavirus rapid antigen ,376
1314,zhejiang orient gene biotech  china, iggigm rapid  cassette,203
1315,zhongshan chuangyi biochemical engineering  china, iggigm rapid  ,205
1316,zhuhai encode medical engineering ,encode antigen rapid  device,260
1317,zhuhai lituo biotechnology , antigen detection  colloidal gold,165
1318,zhuhai lituo biotechnology , antigen detection  immunofluorescence assay,166
1319,zhuhai livzon diagnostic ,livzon rapid  antigen lateral flow,813
1320,zhuhai livzon diagnostics ce ivd, igmigg antibodyrapid  ,1185
1321,zhuhai sinochips bioscience , nucleic acid ,"207,208"
1322,zybio ,  nucleic acid detection  fluorescent probe method,1032
1323,zybio  floor 1 to floor 4 building 30 no6 of taikang road block of jianqiao industrial park dadukou district 400082 chongqing china,  antigen assay  colloidal gold,1067
1324,zybio  floor 1 to floor 4 building 30 no6 of taikang road block of jianqiao industrial park dadukou district 400082 chongqing china,  antigen assay  colloidal gold method,1060
1325,zybio  floor 1 to floor 4 building 30 no6 of taikang road block of jianqiao industrial park dadukou district chongqing china 400082,  antigen assay  colloidal gold method,1059
1326,zybio  floor 1 to floor 5 building 30 no6 of taikang road block of jianqiao industrial park dadukou district 400082 chongqing peoples republic of china,molaccu  detection ,1021
1327,zybio china biodx healthcare,zybio na detection ,1450
1328,zybio floor 1 to floor 5 building 30 no6 of taikang road block of jianqiao industrial park dadukou district chongqing china,  nucleic acid detection  fluorescent probe method,1012
1329,zybio floor 1 to floor 5 building 30 no6 of taikang road block of jianqiao industrial park dadukou district chongqing china 400082,  nucleic acid detection  fluorescent probe method,1014
1330,zydus cadila healthcare  ahmedabad gujarat india, kavach igg elisa,1188
1331,zymo research corp,quick rrt ,535
